"id_boardgame","id_mechanic"
1,1
2,1
3,3
4,4
4,5
5,6
5,7
6,7
6,6
7,10
7,6
7,12
8,13
8,14
9,15
9,16
10,6
10,7
11,6
11,7
12,21
12,22
12,23
13,24
13,25
13,26
14,27
15,28
15,12
15,22
15,31
15,32
16,25
16,34
17,21
18,36
18,7
18,12
18,39
19,40
19,41
20,21
21,22
21,4
21,40
22,31
24,47
24,12
25,27
26,40
26,25
28,32
28,12
29,22
29,55
30,22
30,57
30,25
31,59
31,22
32,13
32,62
32,59
33,21
33,14
33,66
34,10
34,21
34,7
35,13
35,71
36,21
36,73
37,22
37,10
37,31
38,77
38,26
38,40
39,6
39,81
41,21
41,83
41,40
42,85
42,27
42,81
43,71
43,1
43,16
45,14
45,23
46,22
47,94
48,22
49,10
49,97
49,98
49,12
50,55
51,77
51,22
52,21
52,1
52,13
53,36
53,10
53,108
53,7
54,4
54,40
55,112
55,12
56,1
56,115
57,25
57,22
60,28
60,22
60,97
61,77
61,40
62,66
62,22
63,71
64,21
64,27
64,128
65,27
66,27
67,40
67,22
67,47
68,41
68,135
69,28
69,137
69,32
70,40
70,115
70,14
71,142
72,1
75,22
75,7
76,40
76,21
76,83
77,97
77,12
79,12
81,4
81,40
82,12
83,155
84,6
84,22
84,158
85,159
85,137
85,112
86,159
86,137
89,27
90,21
91,14
91,21
91,7
91,4
91,23
92,1
93,62
93,22
95,6
95,22
95,4
96,21
96,62
96,179
97,21
97,5
97,83
98,3
100,41
100,4
101,21
101,55
102,12
103,14
103,83
103,97
103,55
104,179
104,7
104,62
105,128
108,3
109,22
109,137
110,4
110,22
110,202
110,27
110,13
112,179
112,21
112,23
112,71
114,21
114,135
115,97
115,12
116,25
116,214
116,215
117,12
118,128
121,10
121,21
122,26
122,40
123,22
123,62
128,26
128,6
128,25
129,7
129,6
130,7
130,6
131,23
131,4
131,233
132,55
133,4
134,4
135,22
135,83
136,97
136,25
136,7
136,32
136,12
138,22
138,245
138,34
139,16
139,15
140,39
140,16
141,4
142,4
142,41
142,31
143,28
143,12
144,22
144,40
144,25
144,28
146,135
146,4
148,55
148,32
149,265
149,25
149,267
152,40
152,12
152,31
153,179
153,40
154,137
154,159
155,62
157,85
158,71
159,22
159,55
160,31
161,40
161,265
161,59
162,284
162,27
163,81
164,22
165,55
165,22
166,36
166,59
166,13
167,24
167,135
167,295
168,6
168,41
168,4
168,7
169,4
169,22
170,22
170,36
171,36
172,13
172,21
173,21
173,22
173,7
174,22
174,311
174,6
176,4
176,21
176,22
177,21
177,25
177,55
179,28
179,97
179,22
179,12
180,77
181,12
181,25
181,97
182,32
182,12
183,59
183,25
183,34
184,12
184,62
184,112
184,22
185,22
185,55
186,155
186,28
186,284
187,22
187,7
188,22
189,85
189,13
190,55
191,25
191,22
192,179
192,62
192,214
192,13
194,97
195,155
195,55
195,22
196,31
196,358
197,13
197,21
197,22
198,71
198,21
198,1
199,62
199,155
199,40
200,6
200,22
201,115
202,284
203,22
203,85
204,21
205,4
205,40
205,22
206,77
207,22
207,21
208,23
209,71
210,21
210,22
210,31
211,25
211,155
211,40
212,22
212,13
212,21
213,31
213,22
214,22
214,62
214,6
215,12
215,16
216,27
216,81
217,32
218,32
219,27
219,404
220,13
220,202
222,22
222,26
222,409
223,1
224,28
224,25
225,28
225,6
226,26
226,62
227,40
227,4
228,40
228,4
229,13
229,62
231,22
231,15
231,59
232,62
232,22
233,22
234,12
234,62
235,27
235,432
236,15
236,434
237,31
237,4
238,155
239,71
239,13
240,71
240,13
242,21
242,27
243,3
244,12
244,31
247,59
247,448
248,55
250,450
250,434
253,16
254,128
255,21
256,34
257,434
257,59
258,77
258,40
259,55
261,112
261,6
261,83
262,22
263,40
263,155
264,62
264,448
265,36
266,25
266,214
267,22
267,4
269,22
270,4
270,267
270,40
270,7
271,3
272,6
272,25
272,26
273,13
273,27
273,16
274,22
274,179
275,12
276,6
276,41
276,4
276,7
277,265
280,22
280,4
281,137
281,6
282,23
282,4
282,233
283,13
283,27
284,27
284,504
284,13
285,137
286,26
286,62
287,71
287,13
287,21
288,6
288,7
288,28
288,32
291,12
291,97
292,21
293,179
293,21
293,23
293,71
294,22
295,14
295,13
296,16
296,15
298,55
298,4
299,98
299,6
300,4
300,5
300,108
301,22
302,24
303,4
304,21
304,22
304,12
306,112
306,12
307,22
307,23
307,21
308,28
308,25
308,22
309,32
310,22
310,14
310,6
311,55
312,12
312,4
313,25
313,12
313,214
314,55
316,6
316,22
317,55
317,28
318,25
318,40
319,21
319,85
319,13
320,21
320,85
320,13
321,112
321,284
322,21
322,85
322,576
323,22
323,14
323,6
324,32
324,22
325,450
326,137
326,22
327,284
327,4
328,22
328,55
329,25
330,22
330,4
331,1
331,13
332,22
332,40
333,22
334,55
336,22
337,32
337,25
337,601
338,28
338,32
338,112
338,47
338,36
339,22
339,21
340,12
341,40
342,22
342,13
342,21
343,71
343,179
344,12
345,40
345,77
346,97
346,12
347,13
347,16
348,41
348,7
348,4
349,77
349,40
351,358
351,25
351,22
353,97
353,12
353,32
354,21
355,81
355,27
356,284
357,12
357,98
357,97
358,233
358,97
358,4
359,71
359,21
359,16
360,22
360,21
361,214
361,10
361,112
362,40
362,137
363,25
363,32
363,28
364,358
364,5
364,4
364,448
365,12
365,83
365,97
365,98
366,245
366,22
366,27
367,202
367,27
368,25
368,158
369,6
369,77
370,21
370,85
371,13
371,1
371,21
371,71
372,4
372,40
372,22
373,27
373,128
374,97
374,267
374,32
375,41
375,135
376,13
376,27
377,6
377,5
377,22
377,24
379,40
381,77
381,137
381,448
382,21
382,36
383,16
383,13
383,27
384,22
384,295
384,25
386,12
386,28
386,97
386,22
387,601
387,31
388,601
388,31
389,601
389,31
390,4
391,32
392,1
393,4
393,448
393,7
393,6
393,55
395,358
395,28
395,135
396,62
396,22
397,4
398,576
398,22
399,1
400,36
400,28
400,22
400,31
401,12
403,97
403,25
404,21
404,59
407,97
408,40
409,81
410,159
410,137
411,3
412,40
413,62
414,40
416,265
418,754
419,159
419,137
420,14
420,21
420,7
420,4
420,23
421,4
421,22
422,245
424,409
425,1
427,409
429,40
433,22
434,71
434,13
434,22
435,24
436,32
436,31
438,22
438,448
439,12
441,5
441,62
444,25
444,59
444,137
445,22
446,137
447,12
447,55
447,155
447,22
448,21
448,22
448,14
451,793
451,59
453,434
457,27
458,22
458,36
458,112
459,25
459,601
459,40
460,22
460,26
462,27
462,16
462,13
463,71
463,13
463,1
463,21
465,4
466,22
468,27
469,12
470,12
470,28
471,21
471,112
472,12
473,3
474,12
474,97
475,12
475,31
475,32
476,55
477,179
478,135
478,295
478,24
479,13
479,62
479,59
480,112
480,83
480,448
480,137
480,7
481,47
481,601
481,36
481,32
482,40
482,57
482,21
482,59
483,31
484,22
484,850
485,3
485,450
486,22
486,12
486,28
487,22
488,85
488,27
488,13
489,21
489,7
489,83
489,179
490,108
490,4
490,5
492,22
492,6
493,13
493,62
494,25
495,872
495,3
496,22
496,4
496,55
498,6
498,22
498,24
499,12
499,98
499,882
500,22
500,12
501,13
501,1
501,21
501,71
502,12
502,6
502,77
503,71
503,13
503,14
503,21
504,14
504,23
505,13
505,21
505,504
506,901
507,31
507,434
507,159
507,6
508,21
508,7
508,83
508,179
509,27
510,22
510,14
510,6
511,40
511,12
512,77
513,97
513,12
514,28
514,25
514,7
515,77
516,22
516,62
517,576
518,13
519,55
520,22
520,55
521,71
521,13
522,71
522,13
522,1
523,22
523,21
525,22
525,14
525,21
526,21
526,71
526,13
526,1
527,22
527,155
528,40
528,57
528,21
528,233
529,112
529,10
530,71
530,1
530,16
531,22
531,55
532,22
532,55
533,22
533,55
534,28
535,22
535,115
535,31
536,55
537,793
537,16
538,40
538,77
539,21
540,40
540,77
541,22
541,974
541,245
542,14
542,23
543,22
543,4
544,22
545,6
545,22
546,974
546,179
546,5
547,12
547,97
548,108
548,21
548,7
549,97
549,25
550,23
551,1
551,71
551,21
552,14
552,40
552,21
553,202
553,39
553,179
554,16
554,22
554,15
555,295
555,135
556,81
556,27
557,55
559,28
559,97
559,6
559,7
560,21
560,85
560,41
561,40
561,21
562,4
562,233
563,4
563,233
564,22
564,27
565,21
565,25
566,22
567,27
567,15
567,16
568,13
568,21
568,14
569,3
570,27
570,21
571,28
571,25
572,12
573,265
574,22
574,57
574,25
575,26
575,62
576,137
576,22
577,1049
578,27
579,22
579,27
580,7
580,10
581,22
581,36
582,71
583,13
583,1
583,71
584,13
584,21
586,21
586,13
587,137
587,97
587,23
588,112
588,41
588,98
589,358
589,4
589,448
590,135
591,40
591,77
592,1
593,4
593,22
594,1
594,3
595,601
596,27
597,576
597,22
598,28
598,179
598,40
598,83
599,77
600,71
601,793
602,22
602,13
602,21
603,55
603,22
604,13
604,21
605,97
605,15
606,3
607,576
607,22
608,576
608,22
609,27
610,21
610,7
610,202
612,12
612,214
613,22
613,28
613,25
614,21
614,22
616,1049
616,245
617,850
617,434
619,265
621,22
621,214
621,25
622,24
622,4
625,55
625,21
627,40
628,4
628,22
629,85
630,450
631,21
632,754
633,81
633,13
634,32
635,3
636,55
637,21
637,4
638,179
638,62
639,85
640,13
641,21
643,179
644,47
644,31
644,32
645,55
645,31
645,28
646,62
647,12
647,28
649,12
649,3
651,267
651,21
652,59
652,22
653,13
653,62
654,754
655,4
656,6
656,25
656,24
657,21
657,23
657,71
657,179
659,450
660,1177
660,21
662,25
662,265
663,21
663,12
663,40
668,21
668,71
668,13
669,97
669,28
671,12
671,137
672,21
673,81
673,13
674,13
674,62
675,25
675,22
676,3
677,13
677,21
677,71
678,128
678,15
679,850
680,358
680,26
680,40
682,27
682,128
682,4
682,3
683,108
683,23
686,4
686,22
687,245
687,22
687,27
688,7
688,4
689,3
690,22
690,55
690,6
690,28
691,4
691,5
691,108
692,601
692,55
693,26
695,81
697,28
697,22
699,21
699,23
699,71
699,179
700,13
700,1
700,21
700,71
701,448
701,137
701,4
701,40
702,16
703,4
703,40
704,31
704,12
705,16
707,98
708,28
708,25
710,27
710,13
710,85
711,267
711,26
711,295
711,7
713,81
713,13
714,25
715,3
715,23
715,7
715,21
715,83
716,13
716,793
717,59
717,202
717,13
719,14
719,13
720,14
720,13
721,142
721,12
723,13
723,85
724,3
725,12
726,267
726,26
726,295
726,7
727,21
727,32
727,23
728,14
728,13
729,12
729,214
731,21
731,13
732,13
732,450
733,358
733,13
733,85
734,40
734,12
735,13
737,450
737,3
738,12
738,40
739,6
739,22
740,4
740,22
741,21
741,23
742,4
742,40
742,22
743,31
743,137
744,267
744,26
744,295
744,7
745,21
745,754
747,71
747,27
749,1330
749,4
751,28
751,22
751,202
752,6
752,22
752,14
753,40
753,135
753,26
754,23
754,14
755,16
756,284
757,448
757,233
757,4
757,13
760,22
760,25
761,21
762,12
762,1353
763,21
763,22
763,1
764,6
764,22
767,16
769,24
770,12
770,25
770,97
771,25
771,10
772,265
773,22
774,83
774,179
774,21
774,7
775,22
776,57
777,13
777,21
777,14
778,22
779,81
780,62
780,7
780,23
781,22
781,15
781,432
782,10
782,128
782,97
783,1049
783,3
783,450
784,12
784,6
784,77
785,179
785,71
786,15
786,40
786,6
787,21
788,4
789,21
789,83
789,108
789,7
790,108
790,21
790,7
791,108
791,21
791,265
792,21
792,13
793,55
793,137
794,12
794,97
795,22
795,40
796,27
796,40
796,22
797,22
798,754
799,39
799,41
800,55
800,601
801,3
801,450
802,22
803,97
803,12
803,25
804,21
804,7
804,83
805,12
805,97
806,22
806,7
806,6
807,155
807,40
808,36
808,7
808,31
809,55
809,135
810,94
811,22
811,24
811,28
812,22
813,21
813,7
813,36
813,40
814,23
814,97
814,12
815,267
815,601
815,97
816,3
817,59
817,22
818,25
818,97
819,27
820,23
820,21
821,47
821,22
822,77
823,4
823,23
823,40
824,450
824,22
825,55
826,3
828,22
829,62
829,59
829,81
830,27
831,22
831,4
832,41
832,7
832,55
833,97
833,12
834,112
834,47
834,12
835,22
836,55
837,448
838,27
839,10
839,97
839,12
840,12
841,21
841,85
842,214
842,21
843,31
843,22
844,13
844,21
845,601
845,22
845,98
845,135
848,27
849,40
849,4
850,22
850,7
850,112
851,284
851,59
852,1
852,3
853,1
853,3
854,55
854,22
855,77
856,59
856,81
856,27
857,13
857,71
858,25
858,28
859,97
859,12
859,24
860,112
860,6
861,6
861,22
862,448
862,159
862,108
862,22
863,448
863,159
863,108
863,22
865,450
865,1049
866,450
866,1049
867,85
867,81
868,16
868,15
869,12
870,31
870,32
870,97
871,450
872,22
873,10
873,5
873,40
873,83
873,601
873,36
874,21
875,71
875,179
876,135
877,22
878,128
880,601
880,47
881,4
882,21
883,24
884,62
885,59
887,432
889,7
889,62
891,22
894,432
895,135
898,450
898,112
899,245
900,27
900,62
902,59
902,16
903,21
903,22
905,450
907,22
907,27
908,13
909,12
910,12
910,97
912,179
913,214
913,179
914,62
915,3
916,432
917,21
918,6
918,22
918,32
920,7
921,40
924,83
925,179
925,21
925,202
925,13
926,3
927,3
929,21
931,59
936,22
936,4
936,40
938,434
939,27
939,81
940,12
940,62
942,13
942,27
944,450
945,128
946,12
947,3
948,22
948,1353
949,16
949,22
950,12
951,13
952,27
953,12
954,3
954,12
954,265
955,62
955,27
955,5
956,13
956,21
956,39
956,4
957,128
957,1353
958,25
958,28
961,793
961,59
962,22
963,4
963,179
963,265
966,793
966,59
968,36
968,55
969,21
969,22
971,22
973,4
973,434
974,22
975,5
975,6
975,22
976,21
976,22
977,22
977,62
980,27
980,245
980,4
980,22
981,4
981,13
981,21
981,39
982,32
982,40
982,25
983,85
983,1049
983,21
984,112
984,12
984,22
984,128
985,25
985,12
985,40
985,32
986,23
986,4
986,233
987,267
987,21
990,22
992,215
992,12
992,10
992,97
994,97
994,21
994,1723
994,7
995,15
995,16
995,450
996,40
999,12
999,214
1000,21
1000,71
1000,13
1000,1
1001,22
1002,36
1002,128
1003,22
1003,85
1004,71
1004,13
1004,1
1004,21
1005,21
1006,23
1006,4
1006,31
1007,6
1007,41
1007,4
1007,7
1008,137
1009,21
1009,202
1009,4
1009,13
1009,39
1010,450
1011,15
1011,16
1012,12
1013,295
1013,24
1013,135
1014,21
1014,13
1015,59
1015,202
1016,40
1016,155
1016,21
1016,97
1017,77
1017,40
1019,27
1020,12
1020,25
1020,97
1021,754
1021,22
1022,12
1022,450
1022,21
1023,40
1023,12
1024,448
1024,12
1024,28
1025,448
1025,108
1025,7
1025,202
1025,10
1027,25
1027,265
1028,137
1028,12
1029,214
1030,284
1030,62
1031,14
1031,13
1032,872
1032,3
1033,284
1034,59
1034,85
1036,15
1036,16
1037,22
1038,12
1039,4
1040,27
1041,4
1042,12
1043,22
1044,6
1044,28
1045,40
1046,4
1046,12
1047,55
1050,62
1051,23
1051,4
1051,155
1052,137
1053,12
1053,135
1054,21
1054,55
1055,15
1055,12
1056,55
1057,6
1057,77
1057,12
1058,55
1059,27
1059,404
1060,97
1061,12
1064,22
1066,22
1067,22
1068,1330
1068,4
1069,25
1069,22
1070,32
1070,22
1072,21
1072,14
1074,12
1074,97
1075,22
1075,4
1075,21
1076,40
1076,135
1076,26
1077,40
1077,135
1077,26
1078,40
1078,135
1078,26
1079,22
1079,576
1080,85
1080,66
1080,27
1080,21
1081,13
1081,62
1081,179
1082,12
1082,31
1083,59
1084,202
1084,13
1085,62
1085,179
1085,13
1086,77
1087,22
1087,25
1088,21
1088,13
1089,13
1089,1
1089,21
1089,71
1090,13
1090,1
1091,28
1091,1049
1091,97
1092,22
1093,71
1093,13
1093,21
1094,12
1094,3
1094,39
1095,22
1096,22
1096,55
1097,25
1097,22
1097,28
1098,22
1098,16
1099,40
1099,4
1100,22
1101,112
1101,12
1101,10
1102,21
1102,27
1103,3
1104,115
1105,12
1105,97
1106,1
1106,71
1107,7
1107,137
1108,22
1108,36
1109,22
1109,13
1109,1934
1109,21
1109,158
1110,15
1110,27
1111,97
1112,77
1113,1
1115,77
1116,135
1118,112
1118,22
1119,71
1119,21
1119,1
1120,40
1120,83
1120,98
1121,112
1121,83
1121,448
1121,137
1121,7
1122,22
1122,55
1123,21
1123,85
1124,15
1124,16
1125,1049
1125,16
1125,3
1125,450
1126,40
1127,3
1127,450
1127,1970
1127,1049
1129,12
1130,22
1131,47
1131,31
1132,55
1133,112
1133,25
1133,32
1133,22
1135,22
1136,21
1136,83
1136,40
1137,55
1139,22
1139,40
1139,21
1140,295
1140,7
1140,267
1140,26
1141,34
1141,128
1141,112
1142,15
1142,40
1142,6
1144,1
1144,71
1145,295
1145,135
1146,32
1146,12
1147,10
1147,22
1148,22
1148,28
1148,4
1148,21
1149,12
1149,10
1150,22
1150,15
1150,16
1151,1049
1151,55
1152,13
1152,202
1153,7
1153,40
1153,32
1153,25
1154,14
1154,7
1154,22
1155,1049
1155,3
1156,1049
1156,135
1156,22
1158,22
1158,1353
1158,6
1159,22
1160,32
1160,12
1160,97
1160,25
1160,7
1161,25
1161,22
1162,62
1163,36
1163,28
1163,22
1163,31
1164,31
1164,358
1165,15
1165,85
1166,22
1166,40
1167,112
1168,7
1168,6
1168,12
1168,97
1168,22
1168,28
1169,22
1169,576
1169,850
1170,25
1170,22
1170,28
1171,128
1173,94
1176,27
1176,245
1177,27
1178,40
1178,21
1178,28
1179,40
1179,21
1179,28
1180,1
1181,13
1181,21
1181,1
1182,27
1184,25
1184,22
1184,601
1185,13
1185,71
1187,55
1187,601
1188,22
1188,15
1188,1049
1189,601
1190,137
1191,28
1191,22
1191,12
1192,25
1192,97
1192,112
1193,6
1193,21
1194,97
1194,12
1195,21
1195,83
1195,23
1195,7
1196,21
1196,4
1197,23
1197,40
1197,25
1198,7
1198,21
1198,83
1198,108
1199,10
1199,112
1200,6
1200,15
1200,40
1201,4
1201,22
1202,22
1202,4
1203,28
1203,97
1203,6
1203,7
1204,1
1205,21
1205,14
1205,13
1206,85
1207,97
1207,267
1207,32
1208,448
1208,22
1209,83
1210,23
1210,21
1211,77
1211,40
1212,265
1213,77
1213,40
1214,55
1215,1
1215,21
1216,22
1216,245
1217,155
1217,40
1217,25
1218,32
1218,7
1218,12
1220,15
1220,16
1221,16
1221,59
1221,97
1222,13
1222,21
1223,27
1224,98
1224,21
1224,2170
1226,97
1226,12
1227,22
1228,22
1228,55
1228,6
1229,12
1229,97
1230,98
1230,135
1230,601
1230,22
1232,25
1232,22
1232,59
1233,601
1233,97
1234,21
1235,13
1235,21
1235,179
1237,14
1238,27
1238,22
1239,450
1239,3
1240,245
1240,22
1240,974
1241,40
1241,22
1242,22
1242,25
1243,12
1243,97
1244,1
1245,41
1246,22
1246,32
1247,22
1248,14
1248,21
1249,12
1250,22
1251,27
1251,179
1252,135
1252,41
1253,97
1253,2170
1253,98
1254,40
1254,97
1254,265
1255,16
1255,22
1255,15
1256,22
1256,25
1257,27
1258,23
1258,13
1259,601
1260,40
1262,25
1263,115
1263,14
1263,21
1264,601
1264,24
1265,12
1266,6
1266,22
1266,974
1268,12
1268,97
1269,22
1270,155
1270,59
1271,4
1272,21
1273,22
1273,576
1273,24
1274,12
1275,4
1276,59
1277,16
1278,12
1280,59
1280,13
1281,28
1282,59
1284,27
1285,59
1285,62
1286,25
1288,27
1289,71
1293,3
1294,434
1295,22
1295,81
1298,245
1298,27
1298,13
1299,265
1299,21
1299,59
1299,40
1301,128
1302,135
1302,25
1303,12
1303,83
1303,14
1303,21
1304,22
1307,27
1307,4
1307,22
1308,128
1309,40
1310,137
1310,31
1310,21
1310,23
1311,98
1311,83
1312,265
1314,55
1315,73
1317,71
1317,13
1318,23
1318,40
1318,179
1320,24
1320,158
1321,179
1322,83
1322,25
1323,4
1323,137
1323,448
1323,1723
1325,62
1325,295
1325,10
1326,39
1326,128
1326,1723
1328,22
1329,13
1331,97
1334,137
1334,40
1335,3
1336,22
1337,21
1338,62
1340,179
1342,245
1343,179
1344,4
1344,31
1344,137
1345,22
1346,2339
1348,77
1349,1723
1349,128
1349,39
1349,16
1350,21
1350,4
1351,137
1352,40
1353,83
1353,36
1353,41
1354,6
1354,32
1354,7
1355,13
1355,62
1356,21
1358,265
1358,25
1358,26
1359,4
1359,7
1359,22
1360,62
1360,40
1361,450
1363,22
1363,1353
1364,22
1365,12
1366,22
1367,22
1367,36
1368,71
1368,13
1369,265
1369,22
1369,12
1370,25
1370,22
1370,214
1371,135
1374,22
1376,265
1377,128
1377,112
1377,115
1378,21
1378,267
1379,25
1380,71
1380,13
1381,55
1382,3
1383,3
1384,98
1384,3
1386,13
1387,15
1387,16
1387,59
1388,112
1388,2170
1388,55
1389,135
1389,128
1391,3
1391,98
1392,28
1392,6
1392,31
1392,22
1393,450
1394,81
1394,27
1396,27
1396,85
1396,4
1396,22
1396,311
1397,40
1397,22
1399,13
1399,62
1402,128
1402,27
1403,41
1403,6
1403,7
1403,31
1404,4
1404,12
1405,16
1405,15
1406,15
1407,40
1408,3
1409,13
1410,214
1410,25
1410,12
1411,21
1411,27
1411,13
1412,6
1412,22
1413,3
1414,28
1414,97
1414,22
1414,12
1415,4
1415,12
1416,27
1416,13
1416,81
1418,25
1419,40
1419,21
1420,24
1420,25
1421,25
1422,21
1423,21
1424,12
1424,22
1425,22
1425,21
1426,13
1427,21
1428,25
1429,27
1430,62
1431,12
1431,97
1432,22
1435,25
1435,12
1435,6
1435,32
1436,39
1436,25
1436,7
1436,22
1436,28
1439,59
1439,21
1442,1177
1442,233
1442,448
1446,77
1446,40
1447,12
1447,137
1448,21
1448,22
1448,14
1450,71
1450,13
1450,1
1450,21
1451,13
1451,1
1451,21
1451,71
1452,13
1452,1
1452,21
1452,71
1453,22
1453,2511
1453,1049
1454,21
1455,22
1455,245
1456,22
1456,245
1457,245
1457,22
1458,22
1458,245
1459,41
1460,4
1460,12
1460,62
1460,47
1461,15
1461,6
1461,27
1463,4
1463,7
1463,6
1463,41
1464,6
1464,41
1464,4
1464,7
1465,754
1466,7
1466,6
1466,41
1466,4
1467,214
1467,40
1468,22
1469,16
1469,21
1471,12
1471,40
1472,41
1473,15
1473,16
1474,71
1474,13
1474,1
1474,21
1475,77
1475,40
1475,6
1476,27
1476,15
1476,432
1477,36
1477,12
1478,97
1479,128
1480,55
1481,22
1483,97
1483,40
1484,265
1485,24
1485,97
1487,83
1487,98
1487,97
1488,13
1488,1
1488,21
1488,71
1489,7
1489,267
1489,26
1489,295
1490,4
1490,13
1490,21
1490,39
1491,128
1492,25
1492,22
1494,754
1495,59
1496,14
1496,13
1497,14
1497,7
1497,21
1498,13
1498,62
1499,22
1499,6
1500,13
1500,15
1500,16
1501,40
1502,26
1502,128
1503,25
1503,12
1503,137
1504,27
1505,40
1505,1353
1505,21
1506,4
1506,233
1506,23
1507,71
1507,13
1507,1
1507,21
1508,16
1508,432
1509,4
1510,25
1510,22
1513,22
1514,4
1514,12
1515,21
1516,4
1516,5
1516,108
1518,12
1518,40
1518,6
1520,1
1521,137
1521,159
1523,27
1524,12
1525,4
1525,21
1525,22
1525,28
1526,245
1527,22
1528,21
1528,23
1530,128
1531,4
1531,21
1532,71
1533,98
1533,7
1533,40
1533,267
1535,21
1536,22
1537,21
1538,12
1539,27
1539,793
1540,22
1541,22
1541,448
1542,71
1543,22
1543,14
1543,6
1544,22
1545,40
1545,22
1546,27
1547,25
1547,40
1548,13
1548,1
1548,21
1548,71
1549,13
1549,1
1549,21
1549,71
1550,28
1551,62
1551,6
1551,22
1552,22
1553,432
1553,754
1554,265
1555,21
1556,21
1557,27
1557,245
1557,4
1557,22
1558,142
1559,25
1559,12
1559,28
1560,137
1561,22
1562,284
1563,55
1563,22
1565,3
1566,40
1567,1
1569,6
1569,22
1570,55
1570,21
1571,25
1571,77
1571,22
1571,28
1572,27
1574,12
1574,137
1575,112
1575,284
1576,40
1576,135
1576,26
1577,85
1579,22
1580,1
1581,55
1581,179
1581,21
1581,83
1582,576
1582,22
1583,576
1583,13
1584,77
1585,22
1585,55
1587,62
1588,3
1589,1
1590,85
1590,22
1591,25
1591,22
1592,115
1593,71
1593,13
1594,40
1595,27
1596,16
1596,13
1597,98
1597,137
1597,12
1598,754
1599,6
1599,22
1600,55
1600,25
1601,14
1601,21
1602,85
1602,22
1602,974
1603,26
1603,98
1604,12
1605,21
1605,22
1606,59
1607,21
1607,36
1609,71
1609,21
1609,1
1610,28
1610,22
1611,12
1611,98
1611,882
1612,22
1613,71
1613,13
1613,1
1613,21
1614,40
1615,31
1615,97
1615,21
1615,12
1616,1
1617,265
1618,22
1620,62
1621,179
1621,21
1621,62
1622,23
1622,21
1623,23
1623,112
1624,22
1624,55
1625,22
1625,179
1626,215
1626,25
1626,137
1627,36
1627,128
1628,6
1628,2339
1629,28
1629,25
1629,77
1629,22
1630,28
1630,25
1630,77
1630,22
1631,22
1631,245
1632,12
1632,3
1633,6
1633,10
1633,25
1633,28
1634,22
1635,135
1635,22
1636,22
1636,66
1637,59
1637,21
1638,448
1639,40
1640,59
1641,98
1641,882
1641,12
1642,27
1643,77
1643,40
1644,12
1644,97
1645,3
1646,12
1646,28
1646,32
1646,22
1647,32
1647,25
1647,601
1648,1
1648,71
1649,34
1649,16
1651,115
1651,12
1651,22
1652,128
1652,97
1653,28
1653,22
1654,128
1655,155
1655,10
1656,12
1657,71
1657,21
1657,1
1658,434
1658,432
1658,850
1660,245
1661,85
1661,179
1661,59
1661,14
1662,135
1663,22
1663,27
1663,179
1664,267
1664,55
1665,179
1665,71
1666,21
1666,40
1667,40
1667,245
1667,1723
1668,22
1670,159
1671,55
1671,137
1672,22
1672,4
1672,40
1673,1353
1673,6
1674,27
1675,15
1675,16
1675,22
1677,94
1677,22
1678,40
1680,22
1680,25
1681,22
1681,36
1682,135
1682,39
1682,41
1682,155
1683,450
1683,3
1684,576
1684,22
1686,25
1686,24
1686,28
1687,97
1687,12
1688,85
1689,22
1689,71
1689,13
1690,28
1690,7
1690,40
1690,12
1690,32
1691,21
1692,24
1692,62
1692,26
1693,284
1694,10
1695,21
1695,36
1697,135
1698,94
1699,94
1700,94
1701,27
1703,25
1703,32
1704,108
1704,21
1705,27
1706,245
1706,22
1707,1
1708,25
1708,22
1709,21
1710,432
1710,284
1711,245
1711,27
1711,13
1712,245
1712,22
1713,135
1714,21
1714,4
1714,23
1715,22
1715,358
1716,55
1716,22
1717,97
1718,40
1718,159
1718,31
1722,27
1723,1723
1723,40
1723,358
1724,77
1724,40
1726,22
1726,1049
1726,21
1727,97
1727,6
1728,22
1728,25
1729,25
1729,22
1730,77
1731,128
1731,59
1732,27
1733,12
1734,22
1735,135
1735,40
1737,6
1737,7
1737,28
1737,32
1738,22
1738,4
1738,40
1739,7
1739,28
1739,32
1739,6
1740,12
1740,98
1740,882
1741,12
1741,98
1741,882
1742,155
1743,13
1743,1
1743,21
1743,71
1744,81
1745,25
1745,40
1746,1
1747,77
1747,40
1747,22
1748,81
1750,27
1750,6
1750,22
1751,22
1752,245
1753,1723
1753,4
1753,108
1753,21
1754,135
1754,215
1754,98
1755,62
1755,245
1756,13
1756,21
1757,295
1757,135
1758,21
1758,85
1758,13
1759,15
1759,6
1760,1
1760,71
1761,6
1761,22
1761,12
1762,21
1762,14
1762,13
1763,13
1763,21
1764,13
1764,21
1765,13
1765,21
1766,450
1766,6
1767,22
1767,12
1767,6
1769,21
1770,40
1770,115
1770,14
1771,22
1771,4
1771,6
1772,62
1772,12
1774,22
1774,55
1775,40
1776,16
1776,15
1777,135
1778,1
1779,22
1779,12
1780,40
1780,21
1781,21
1781,13
1782,40
1782,601
1782,159
1782,7
1783,97
1783,12
1783,24
1784,15
1784,22
1786,62
1786,793
1787,22
1787,27
1787,155
1788,22
1788,5
1788,6
1789,16
1789,40
1790,128
1790,97
1791,77
1793,27
1793,245
1794,55
1794,22
1794,601
1795,12
1795,450
1796,36
1796,448
1796,22
1796,28
1797,245
1797,22
1798,245
1798,22
1801,27
1802,62
1802,13
1802,358
1802,22
1802,5
1803,62
1803,40
1804,358
1804,5
1804,4
1804,448
1805,27
1806,97
1806,12
1807,59
1807,13
1809,27
1810,62
1811,128
1812,12
1813,3158
1814,13
1814,81
1815,27
1817,26
1817,40
1818,128
1821,576
1821,22
1822,21
1823,12
1824,62
1825,40
1825,22
1828,98
1828,434
1829,128
1831,24
1836,128
1836,3
1837,71
1837,13
1838,59
1840,22
1841,754
1841,59
1843,3158
1844,432
1844,3158
1845,3158
1845,432
1846,754
1847,12
1847,7
1848,59
1850,432
1850,6
1851,432
1851,450
1853,22
1854,214
1854,62
1856,34
1856,22
1856,25
1857,3
1858,10
1858,137
1859,754
1859,22
1860,22
1860,27
1862,112
1862,7
1862,22
1862,12
1865,265
1867,22
1868,22
1868,27
1869,25
1869,26
1869,6
1870,22
1871,135
1872,40
1872,6
1873,245
1873,27
1874,112
1874,40
1881,16
1881,40
1882,754
1883,3
1884,432
1885,22
1886,22
1887,135
1887,59
1888,128
1891,28
1891,97
1891,6
1891,7
1892,22
1892,409
1893,27
1894,27
1895,27
1896,22
1898,16
1898,22
1899,6
1899,22
1899,40
1899,4
1901,40
1901,25
1901,32
1902,25
1902,36
1902,128
1906,112
1908,128
1909,179
1910,59
1912,13
1912,16
1912,450
1913,32
1913,13
1914,7
1914,6
1915,3158
1916,13
1917,128
1917,36
1918,21
1918,7
1918,40
1919,40
1919,6
1920,22
1921,21
1921,4
1922,22
1923,23
1923,40
1923,179
1924,179
1925,62
1925,22
1926,245
1927,12
1929,214
1929,135
1929,62
1930,27
1930,179
1930,62
1931,25
1931,22
1933,22
1934,12
1934,448
1935,137
1935,112
1935,24
1936,62
1936,10
1937,21
1937,62
1937,41
1938,12
1939,22
1940,22
1941,62
1941,13
1942,22
1944,22
1945,128
1946,22
1947,22
1947,66
1948,265
1949,21
1950,245
1951,12
1952,15
1952,16
1953,22
1954,22
1955,22
1956,128
1958,6
1958,601
1958,31
1960,6
1960,32
1960,267
1961,28
1962,22
1962,21
1963,265
1964,16
1964,73
1964,59
1964,450
1965,12
1966,27
1966,179
1966,62
1967,16
1968,3158
1970,59
1972,12
1973,245
1974,12
1975,434
1976,128
1977,25
1977,26
1978,4
1978,6
1978,22
1978,40
1979,40
1980,12
1981,16
1981,245
1981,15
1984,12
1985,62
1985,59
1986,135
1987,850
1987,22
1987,409
1988,6
1990,27
1991,26
1992,245
1993,13
1994,12
1994,32
2738,12
1406,16
1998,62
1998,13
1998,135
1998,40
1999,135
1999,21
1999,40
2000,6
2000,22
2001,22
2003,7
2003,97
2004,22
2005,71
2006,40
2006,6
2007,16
2007,59
2009,22
2010,3
2011,22
2012,22
2012,59
2012,40
2013,59
2013,22
2014,22
2014,62
2015,4
2015,267
2015,108
2016,22
2017,22
2018,2511
2019,2511
2020,128
2021,28
2021,22
2022,6
2022,1177
2023,215
2023,22
2023,77
2024,22
2024,40
2025,22
2025,16
2027,22
2028,71
2028,13
2030,40
2031,97
2031,55
2031,98
2031,24
2032,15
2032,59
2032,13
2033,27
2033,13
2033,81
2034,27
2034,13
2034,81
2036,97
2036,40
2037,12
2038,81
2038,27
2038,793
2039,22
2039,4
2041,71
2041,13
2041,1
2041,21
2042,245
2043,1353
2043,40
2044,22
2044,128
2045,97
2045,25
2045,32
2046,12
2046,128
2047,40
2047,21
2047,22
2048,3158
2048,15
2049,22
2050,754
2051,81
2051,13
2054,32
2054,31
2055,267
2055,21
2056,97
2057,40
2057,32
2058,62
2058,59
2058,13
2059,24
2059,25
2060,3
2061,13
2061,1
2061,21
2061,71
2062,245
2063,6
2063,97
2063,1177
2063,55
2064,25
2066,13
2066,21
2067,112
2067,32
2067,40
2069,14
2069,23
2069,21
2070,15
2070,21
2073,13
2076,22
2076,40
2079,27
2079,15
2079,16
2080,23
2080,112
2082,128
2082,27
2082,26
2086,77
2086,40
2087,22
2089,22
2089,98
2089,28
2089,77
2090,71
2090,13
2090,1
2090,21
2091,601
2095,59
2096,25
2096,265
2096,135
2097,41
2097,6
2097,39
2097,36
2098,41
2098,6
2098,39
2098,36
2099,71
2099,21
2099,179
2100,22
2102,6
2102,22
2102,7
2103,22
2103,135
2105,5
2105,24
2105,265
2106,108
2106,4
2108,265
2108,6
2109,21
2110,21
2110,112
2110,128
2111,233
2111,4
2111,40
2111,1177
2112,71
2112,13
2112,1
2112,21
2113,4
2113,7
2113,108
2113,14
2114,137
2114,6
2115,358
2116,13
2116,1
2116,21
2116,71
2117,450
2117,3
2118,25
2118,214
2119,754
2120,40
2122,448
2122,21
2123,81
2123,13
2124,12
2124,135
2125,409
2126,16
2126,15
2127,128
2128,12
2128,112
2129,41
2129,4
2129,7
2129,6
2130,41
2130,4
2130,7
2130,6
2131,6
2131,28
2132,13
2134,450
2134,3
2134,15
2135,12
2136,26
2137,71
2137,13
2137,1
2137,21
2138,137
2138,47
2138,23
2139,55
2140,25
2140,26
2141,59
2141,2339
2142,25
2142,6
2143,3
2144,1049
2145,22
2145,28
2145,135
2146,245
2147,12
2147,25
2151,1
2151,21
2151,71
2151,13
2152,22
2153,3
2155,265
2155,40
2156,12
2156,97
2157,12
2157,97
2158,21
2158,23
2159,1353
2159,59
2159,21
2159,128
2160,793
2160,40
2161,25
2161,10
2162,25
2162,22
2163,15
2163,21
2163,1723
2163,128
2164,71
2164,13
2164,1
2164,21
2167,158
2167,62
2168,21
2168,13
2169,137
2169,77
2169,115
2170,21
2170,13
2171,28
2171,22
2171,97
2172,448
2172,108
2172,358
2172,23
2172,4
2173,14
2173,13
2174,14
2174,13
2175,128
2175,40
2175,36
2178,22
2178,27
2178,6
2179,22
2179,62
2180,21
2181,15
2181,245
2182,21
2183,13
2183,23
2183,71
2184,284
2184,128
2184,1970
2185,1
2186,1
2187,97
2187,59
2188,59
2188,34
2189,59
2190,40
2191,97
2191,12
2193,16
2193,97
2193,12
2194,12
2194,6
2195,28
2195,25
2197,284
2198,3
2199,22
2200,12
2202,22
2204,77
2205,71
2205,13
2205,1
2205,21
2206,28
2206,25
2207,16
2207,22
2207,576
2208,12
2209,1
2210,159
2210,4
2211,25
2211,22
2212,13
2213,83
2213,97
2214,85
2215,13
2215,21
2216,21
2216,13
2217,12
2218,31
2218,159
2219,6
2219,12
2221,22
2223,12
2223,6
2223,97
2224,1
2225,22
2225,24
2226,55
2226,22
2227,40
2227,6
2228,22
2228,62
2229,1
2230,245
2231,62
2232,882
2233,71
2233,13
2233,1
2233,21
2234,21
2234,71
2234,13
2234,1
2235,40
2235,128
2236,1723
2236,7
2236,97
2236,21
2237,40
2237,14
2237,21
2237,108
2237,36
2242,14
2242,21
2242,1
2243,40
2244,13
2244,27
2244,504
2245,13
2247,155
2248,12
2248,97
2249,358
2250,22
2251,10
2251,22
2251,12
2252,10
2252,22
2252,155
2253,22
2253,10
2254,13
2254,1
2254,21
2254,71
2256,34
2257,295
2258,265
2258,40
2259,4
2259,22
2259,358
2259,108
2260,71
2262,15
2262,40
2263,23
2263,112
2264,13
2264,1
2264,21
2264,71
2265,21
2265,71
2265,13
2265,1
2266,13
2266,1
2266,21
2266,71
2269,22
2270,21
2270,22
2274,77
2274,40
2275,62
2275,16
2276,59
2276,2339
2277,4
2277,3
2278,25
2278,55
2278,6
2279,25
2279,55
2279,6
2280,21
2280,112
2280,128
2281,25
2282,55
2283,62
2283,7
2283,23
2285,25
2286,77
2286,36
2286,40
2286,22
2288,267
2288,265
2288,25
2289,6
2289,22
2290,27
2290,404
2290,1049
2291,504
2291,85
2292,215
2292,12
2292,10
2292,97
2293,23
2293,1
2295,12
2295,28
2295,155
2296,71
2297,21
2297,13
2298,21
2298,13
2299,13
2299,21
2300,71
2301,22
2302,71
2303,137
2303,6
2304,112
2304,16
2305,1
2306,1
2307,13
2307,202
2307,21
2307,40
2307,27
2308,284
2309,112
2309,284
2310,135
2311,55
2311,21
2312,97
2312,12
2313,13
2313,1934
2314,13
2314,21
2316,1723
2316,27
2317,3
2318,16
2318,15
2319,1
2320,1
2321,1
2322,137
2322,32
2322,159
2322,10
2322,6
2323,245
2324,12
2324,6
2324,97
2325,25
2325,26
2325,6
2326,77
2327,71
2328,6
2328,22
2328,448
2328,4
2329,6
2329,448
2330,155
2331,6
2331,3
2331,135
2332,97
2332,12
2333,36
2333,128
2334,26
2334,40
2334,77
2335,77
2336,25
2336,22
2337,55
2338,22
2338,62
2339,22
2340,22
2340,16
2340,59
2341,16
2341,59
2341,3985
2341,73
2342,16
2342,22
2343,40
2344,12
2345,6
2345,22
2347,4
2347,6
2347,22
2348,21
2348,23
2349,267
2349,265
2349,25
2350,40
2350,128
2351,71
2352,112
2352,97
2353,434
2354,71
2354,13
2355,12
2358,97
2358,12
2359,13
2360,21
2363,1
2364,71
2364,13
2364,1
2364,21
2365,754
2365,40
2365,142
2366,128
2367,4
2368,22
2369,13
2369,21
2369,85
2370,28
2370,10
2370,25
2370,24
2371,22
2373,155
2373,40
2373,6
2374,128
2375,31
2375,108
2375,233
2375,4
2376,22
2376,6
2378,62
2378,245
2379,85
2380,71
2380,13
2381,22
2381,450
2382,62
2382,179
2382,13
2383,22
2383,112
2383,159
2383,97
2384,25
2384,83
2384,135
2385,22
2385,27
2385,202
2386,77
2387,128
2388,1049
2388,265
2389,404
2389,40
2389,59
2390,62
2390,128
2390,36
2390,40
2391,3
2391,22
2392,179
2392,23
2392,214
2392,21
2392,108
2393,3
2393,22
2394,245
2395,40
2395,22
2396,265
2396,135
2397,12
2398,97
2398,12
2399,85
2399,27
2399,13
2400,22
2400,27
2400,6
2401,13
2401,1
2401,21
2401,71
2402,22
2402,6
2403,21
2403,1
2403,13
2405,97
2405,25
2405,32
2406,4
2406,22
2407,22
2407,4
2408,245
2409,1
2409,71
2410,98
2410,882
2410,12
2411,81
2411,13
2412,22
2413,2511
2413,265
2414,155
2415,27
2415,22
2416,135
2416,27
2417,21
2417,128
2418,233
2418,4
2418,31
2418,108
2419,233
2419,4
2419,31
2419,108
2420,233
2420,4
2420,31
2420,108
2421,97
2421,28
2422,4
2422,22
2423,22
2423,4
2424,12
2425,22
2425,55
2425,21
2425,202
2426,5
2426,4
2427,13
2428,432
2429,71
2429,13
2429,450
2430,1
2431,71
2431,13
2432,40
2432,21
2433,22
2434,85
2434,13
2434,21
2434,16
2435,128
2437,25
2438,7
2438,22
2438,1723
2439,128
2439,284
2440,13
2441,22
2441,25
2442,40
2442,14
2442,21
2442,7
2443,128
2443,27
2444,358
2444,22
2445,267
2445,55
2446,62
2446,12
2447,13
2447,62
2447,59
2448,71
2448,21
2448,1
2449,13
2449,16
2450,128
2451,27
2451,1049
2451,22
2452,6
2452,22
2452,7
2453,108
2454,4
2455,22
2455,12
2455,10
2456,448
2456,4
2456,28
2456,36
2457,22
2457,6
2458,115
2458,71
2458,1
2460,311
2460,40
2460,81
2461,15
2461,27
2462,15
2462,434
2463,4
2464,22
2464,7
2464,25
2465,22
2465,1049
2465,85
2466,1353
2467,22
2467,16
2468,98
2468,601
2468,112
2468,32
2469,27
2469,284
2469,128
2471,1
2471,94
2472,77
2473,245
2473,22
2474,28
2474,40
2474,25
2475,22
2476,358
2476,62
2477,6
2477,85
2478,128
2479,135
2480,12
2481,23
2482,59
2482,21
2482,22
2483,284
2483,135
2485,1
2486,450
2487,16
2487,22
2487,15
2488,22
2488,31
2488,32
2488,28
2488,12
2489,601
2489,31
2490,3
2491,10
2491,12
2492,4
2493,71
2493,1
2494,2339
2495,25
2495,22
2495,28
2497,576
2497,22
2498,59
2498,22
2498,15
2499,1049
2499,27
2500,22
2501,21
2503,13
2504,71
2504,1
2506,59
2507,1
2508,1
2509,1049
2509,27
2510,27
2510,81
2511,158
2511,36
2512,22
2512,31
2512,32
2512,28
2512,12
2513,22
2514,26
2514,62
2515,47
2515,12
2515,97
2516,97
2516,12
2516,24
2517,77
2517,40
2518,27
2518,22
2519,12
2520,22
2521,128
2522,94
2522,22
2522,27
2523,1
2525,179
2525,62
2525,55
2525,202
2525,22
2525,13
2526,22
2527,59
2528,1
2529,1
2530,27
2531,85
2532,22
2532,311
2532,974
2533,115
2533,22
2534,21
2534,22
2534,73
2535,3
2535,1049
2536,22
2536,62
2536,112
2537,25
2537,22
2538,10
2538,55
2538,601
2538,25
2539,1
2540,59
2540,245
2540,16
2541,576
2541,22
2541,62
2542,13
2542,754
2543,85
2544,27
2545,22
2545,4
2547,27
2547,245
2547,4
2547,22
2548,97
2548,25
2549,13
2550,3
2551,22
2551,24
2552,27
2552,1049
2552,22
2553,108
2553,55
2553,601
2555,97
2555,28
2556,21
2557,1
2558,142
2558,14
2559,12
2559,77
2559,40
2559,26
2559,6
2561,1
2562,62
2562,59
2562,81
2563,135
2563,62
2563,13
2564,85
2565,1723
2565,27
2567,59
2567,409
2568,22
2569,27
2570,21
2570,23
2571,85
2572,22
2574,27
2575,13
2576,97
2576,12
2576,6
2577,3158
2577,793
2578,601
2578,62
2578,10
2578,13
2579,22
2579,13
2580,22
2582,22
2582,83
2582,21
2582,179
2583,179
2585,98
2585,882
2585,12
2586,25
2586,28
2587,85
2588,22
2589,22
2589,62
2589,13
2590,27
2591,22
2591,27
2591,6
2592,358
2592,108
2592,4
2592,22
2592,7
2593,71
2593,1
2594,4
2595,25
2595,22
2596,21
2596,85
2596,73
2597,21
2597,1
2597,71
2598,135
2599,135
2599,28
2600,135
2600,55
2601,1
2602,6
2602,7
2602,28
2602,32
2603,4
2603,115
2604,59
2605,25
2606,128
2607,59
2608,22
2608,21
2610,434
2611,12
2611,112
2612,27
2613,13
2614,137
2615,40
2616,25
2616,22
2616,28
2617,10
2617,97
2617,28
2617,12
2618,62
2618,13
2618,358
2618,22
2618,5
2619,22
2619,27
2620,85
2620,21
2621,155
2622,27
2622,85
2623,25
2623,97
2623,12
2624,40
2624,97
2625,24
2625,39
2626,1
2626,71
2627,22
2627,12
2627,25
2628,85
2628,41
2628,21
2629,36
2629,601
2629,25
2630,22
2630,16
2630,59
2631,22
2631,21
2632,22
2632,27
2632,245
2633,21
2633,108
2633,22
2633,28
2633,267
2635,6
2635,22
2636,4
2636,23
2636,21
2637,27
2637,73
2639,22
2640,12
2640,16
2641,267
2641,265
2641,25
2642,22
2642,4
2642,7
2643,40
2643,115
2643,14
2644,21
2644,40
2645,27
2645,15
2645,128
2646,15
2647,13
2647,295
2648,10
2648,112
2648,882
2649,128
2649,59
2650,450
2651,25
2651,22
2652,793
2652,27
2653,754
2654,135
2655,1
2656,142
2657,6
2657,21
2658,4
2658,23
2658,21
2659,434
2660,22
2661,97
2661,12
2662,40
2663,71
2663,13
2664,21
2664,71
2664,13
2664,1
2665,22
2665,5
2665,6
2666,22
2666,5
2666,6
2667,40
2668,3
2669,97
2669,23
2669,179
2669,28
2669,83
2670,4
2670,22
2671,28
2671,32
2671,6
2671,7
2672,28
2672,32
2672,6
2672,7
2673,6
2673,7
2673,28
2673,32
2674,1
2676,27
2677,22
2677,28
2678,4
2678,41
2679,22
2679,25
2681,59
2681,22
2681,16
2681,62
2682,4
2683,179
2683,27
2684,22
2685,245
2685,22
2686,245
2686,22
2687,245
2687,22
2689,601
2691,601
2692,13
2694,245
2697,22
2697,28
2698,1
2699,1
2700,1
2702,22
2702,27
2705,450
2706,97
2706,12
2708,12
2709,12
2709,6
2711,245
2712,245
2713,27
2713,21
2714,265
2715,22
2715,97
2715,128
2716,21
2716,85
2716,73
2717,26
2717,62
2718,7
2718,22
2719,98
2719,6
2720,128
2720,40
2721,97
2721,59
2722,1
2723,22
2724,12
2724,10
2725,97
2725,6
2725,7
2725,28
2726,16
2726,39
2726,432
2727,432
2728,12
2729,12
2730,128
2732,2511
2733,2511
2734,62
2734,7
2734,13
2735,432
2735,16
2735,39
2736,21
2736,7
2736,40
2739,94
2739,450
2741,6
2742,450
2742,12
2743,432
2744,40
2744,22
2745,12
2747,83
2747,14
2747,55
2747,179
2747,4733
2747,21
2748,12
2751,793
2752,432
2753,1049
2753,62
2754,21
2756,31
2756,21
2756,1723
2757,432
2758,55
2760,23
2760,13
2761,25
2762,59
2762,21
2763,31
2764,21
1220,432
2769,10
2769,25
2770,22
2771,21
2772,754
2774,2511
2775,59
2776,25
2777,3
2778,265
2779,135
2780,36
2780,108
2780,4
2780,7
2781,6
2781,21
2782,22
2783,22
2784,59
2785,4
2786,13
2786,81
2787,112
2787,450
2789,40
2790,62
2790,59
2791,13
2791,21
2792,22
2792,4
2792,21
2793,6
2794,13
2795,6
2795,22
2796,265
2798,432
2798,22
2800,6
2801,22
2802,22
2803,21
2803,83
2803,55
2803,179
2804,22
2805,245
2805,59
2806,16
2806,59
2807,59
2807,16
2809,59
2810,450
2810,59
2811,137
2811,112
2811,83
2812,754
2812,432
2813,40
2814,57
2814,21
2815,128
2816,128
2817,22
2817,576
2817,13
2818,40
2818,34
2818,94
2819,3
2820,21
2821,434
2822,59
2822,432
2824,22
2824,27
2825,115
2825,4
2826,22
2826,27
2828,432
2828,16
2829,128
2830,62
2830,135
2830,27
2830,22
2832,81
2833,179
2834,62
2834,27
2835,128
2836,14
2837,6
2837,22
2838,3
2840,159
2841,21
2841,1723
2841,40
2842,25
2842,62
2842,24
2843,4
2844,59
2844,13
2845,25
2845,22
2846,265
2847,12
2847,22
2847,31
2847,32
2847,28
2850,27
2851,62
2855,27
2858,21
2858,16
2858,22
2858,13
2859,6
2860,245
2861,62
2863,128
2865,135
2865,265
2866,179
2868,22
2868,4
2869,3
2870,62
2872,22
2873,13
2874,128
2875,6
2878,12
2879,12
2880,22
2880,55
2881,432
2881,13
2883,59
2883,62
2883,12
2884,40
2886,4
2886,448
2887,22
2888,7
2888,4
2888,97
2889,59
2889,434
2890,40
2891,10
2891,21
2891,97
2893,434
2895,754
2896,576
2896,22
2897,22
2898,22
2899,22
2900,22
2902,21
2902,6
2903,14
2903,21
2903,12
2903,83
2904,7
2904,202
2905,434
2906,434
2907,434
2908,21
2908,62
2909,73
2909,21
2910,16
2910,432
2911,62
2912,754
2913,434
2913,12
2913,112
2914,21
2915,432
2915,62
2917,128
2918,21
2918,135
2919,4
2919,22
2920,4
2920,22
2921,41
2921,4
2921,265
2921,40
2922,179
2924,754
2924,27
2924,432
2925,434
2925,432
2925,850
2926,62
2926,16
2926,13
2928,22
2928,179
2928,4
2928,6
2930,21
2931,59
2932,22
2933,22
2934,245
2935,22
2936,137
2936,159
2937,22
2939,5
2939,158
2940,6
2940,40
2941,25
2941,214
2941,5
2943,22
2944,22
2945,25
2945,215
2946,12
2947,21
2947,4733
2947,23
2948,12
2948,409
2948,22
2949,40
2950,108
2950,4
2951,36
2951,128
2951,22
2952,128
2953,128
2954,22
2955,4
2956,135
2956,22
2958,137
2958,6
2959,1049
2959,39
2960,22
2961,13
2962,432
2962,16
2963,4
2963,233
2964,22
2965,22
2966,4
2967,13
2967,5027
2967,22
2967,504
2967,16
2967,27
2968,22
2969,22
2969,15
2969,16
2970,22
2971,22
2972,179
2972,21
2973,12
2974,21
2974,4
2975,21
2975,4
2976,32
2976,83
2976,24
2977,22
2978,28
2978,6
2978,7
2979,128
2980,4
2981,754
2982,6
2982,22
2983,10
2983,12
2985,12
2986,179
2988,22
2988,21
2989,31
2989,40
2990,6
2991,55
2991,21
2993,754
2993,22
2994,754
2994,22
2995,22
2996,22
2997,22
2999,40
2999,6
3000,71
3000,13
3000,22
3001,71
3001,13
3001,22
3002,6
3002,22
3003,22
3003,55
3004,10
3004,12
3005,112
3006,16
3006,22
3006,15
3011,22
3012,22
3014,13
3015,59
3015,21
3016,112
3016,22
3016,24
3017,21
3017,22
3017,12
3018,22
3019,32
3020,21
3020,16
3020,27
3020,59
3021,81
3022,22
3022,62
3022,13
3023,27
3023,22
3024,13
3025,21
3026,22
3027,1177
3029,85
3030,179
3031,22
3031,27
3032,22
3033,4
3034,4
3035,245
3036,23
3039,71
3040,12
3040,98
3044,12
3044,62
3045,159
3046,36
3046,137
3047,22
3047,62
3047,24
3048,22
3050,12
3051,112
3051,22
3052,12
3054,22
3055,22
3056,434
3057,16
3057,59
3058,13
3058,62
3059,245
3062,793
3063,59
3063,22
3064,22
3065,22
3066,22
3067,22
3068,22
3069,245
3069,27
3070,22
3071,59
3071,245
3076,59
3078,112
3078,450
3078,135
3079,12
3079,450
3080,83
3080,4
3082,59
3082,22
3082,576
3084,22
3085,22
3086,22
3088,4
3088,179
3088,23
3089,85
3090,22
3091,265
3092,22
3093,55
3094,97
3094,55
3094,98
3094,24
3095,62
3096,22
3096,97
3096,12
3100,245
3101,59
3101,21
3102,55
3102,6
3104,12
3105,59
3105,450
3105,16
3105,73
3107,22
3108,22
3109,22
3110,22
3111,22
3112,22
3114,81
3114,27
3115,22
3116,22
3117,22
3118,22
3119,40
3119,6
3121,1353
3121,128
3126,6
3126,25
3127,59
3128,16
3128,59
3129,59
3130,59
3131,6
3132,22
3133,27
3133,4
3134,245
3135,22
3135,40
3136,59
3136,158
3136,25
3138,16
3138,432
3139,245
3140,245
3141,28
3141,12
3142,3158
3145,22
3146,24
3146,4
3148,59
3149,71
3149,13
3151,135
3151,12
3151,265
3152,12
3153,21
3153,5
3153,83
3154,21
3154,179
3154,36
3154,7
3155,15
3155,16
3156,13
3158,22
3158,112
3163,12
3164,135
3164,26
3164,40
3165,10
3165,267
3165,12
3166,21
4314,15
4315,36
4315,22
4316,40
3168,97
3168,12
3168,23
3170,6
3170,22
3170,112
3171,112
3171,32
3172,22
3172,62
4316,265
2167,22
3174,22
3174,24
3174,112
3180,77
3180,40
3182,245
3183,22
3186,12
3186,22
3187,295
3187,135
3188,15
3188,16
3189,245
3190,12
3191,83
3191,55
3191,179
3191,21
3192,59
3193,245
3194,245
3195,22
3196,22
3197,22
3197,27
3197,59
3197,4
3198,59
3198,4
3198,22
3198,27
3199,6
3199,40
3199,4
3199,13
3202,21
3202,22
3202,40
3204,754
3205,12
3206,62
3206,22
3207,450
3208,22
3208,83
3208,40
3209,71
3213,25
3213,28
3213,22
3213,40
3215,21
3215,98
3216,245
3216,15
3216,62
3216,13
3217,16
3217,15
3218,7
3218,135
3218,26
3219,40
3219,26
3220,112
3222,40
3224,25
3224,6
3225,22
3225,27
3228,40
3228,108
3228,4
3228,66
3232,21
3232,59
3233,22
3234,245
3235,25
3237,25
3237,40
3237,22
3237,21
3237,59
3239,22
3240,55
3241,55
3242,7
3242,97
3242,21
3242,1723
3243,245
3244,16
3244,1353
3245,16
3246,22
3247,97
3247,12
3247,40
3248,22
3248,12
3248,40
3248,15
3249,135
3249,22
3250,25
3250,13
3251,265
3251,22
3252,12
3253,40
3253,22
3254,4
3254,12
3255,62
3255,59
3255,13
3257,12
3257,59
3258,3
3259,108
3259,4
3259,66
3259,40
3260,22
3261,22
3262,22
3263,22
3264,26
3264,40
3264,77
3265,12
3266,40
3266,25
3267,265
3268,12
3269,28
3269,97
3269,22
3269,12
3270,22
3270,40
3271,22
3272,27
3272,128
3273,59
3274,22
3275,97
3275,12
157,128
3278,3158
3280,83
3280,14
3280,21
3280,12
3281,40
3281,6
3281,4
3282,40
3282,882
3283,40
3283,882
3284,31
3285,128
3286,12
3287,71
3287,13
3288,22
3290,10
3290,25
3291,22
3292,4
3293,12
3293,40
3294,22
3295,22
3295,112
3296,40
3297,40
3302,14
3302,21
3303,128
3304,450
3305,450
3306,450
3307,450
3308,450
3309,450
3310,450
3311,409
3311,40
3311,97
3312,434
3312,40
3312,22
3313,22
3313,4
3314,22
3314,12
3315,22
3315,974
3315,21
3318,22
3321,15
3321,59
3321,13
3324,13
3325,245
3326,245
3327,267
3327,28
3327,32
3328,128
3329,55
3329,6
3329,22
3330,12
3332,12
3334,22
3335,1
3336,28
3336,22
3337,40
3337,21
3337,22
3338,28
3338,22
3340,22
3341,22
3342,4
3342,22
3346,16
3346,15
3347,21
3348,850
3349,179
3349,214
3349,62
3350,12
3351,71
3351,13
3351,1
3351,21
3352,128
3352,15
3359,25
3359,32
3359,28
3360,77
3360,40
3361,1353
3361,40
3362,1353
3362,40
3363,6
3363,22
3365,32
3366,12
3366,10
3366,112
3367,83
3367,40
3367,26
3368,1723
3368,22
3369,59
3370,55
3371,12
3373,32
3373,159
3374,21
3375,137
3376,128
3377,128
3378,21
3378,22
3378,40
3379,6
3379,28
3380,12
3380,4
3381,14
3381,21
3381,23
3381,66
3382,25
3383,159
3383,25
3383,98
3385,21
3386,3158
3386,15
3387,3158
3387,15
3389,21
3390,59
3391,13
3391,1
3391,21
3391,71
3392,7
3392,14
3392,83
3392,179
3393,13
3393,1
3393,21
3393,71
3394,98
3394,22
3394,55
3394,25
3395,32
3395,24
3398,28
3398,22
3398,97
3399,265
3399,25
3400,71
3400,13
3400,1
3400,21
3401,83
3403,6
3403,25
3403,137
3408,31
3408,40
3409,22
3409,135
3410,25
3411,97
3411,28
3413,128
3414,265
3414,23
3415,40
3415,22
3415,7
3416,40
3416,22
3416,7
3417,159
3417,25
3417,98
3418,4
3419,576
3419,26
3420,40
3420,22
3420,28
3421,432
3421,128
3421,15
3422,40
3423,450
3425,22
3425,4
3425,21
3426,12
3428,40
3428,21
3428,202
3429,57
3429,311
3430,137
3430,7
3430,83
3431,59
3431,16
3432,1
3432,21
3432,71
3432,13
3434,6
3435,158
3435,974
3435,4
3435,83
3436,59
3437,32
3437,6
3438,128
3439,450
3440,450
3441,450
3442,450
3445,21
3445,83
3447,40
3447,25
3447,28
3447,22
3448,27
3448,15
3450,22
3450,85
3452,409
3452,128
3453,21
3454,1049
3454,15
3454,245
3454,793
3455,15
3455,16
3455,245
3456,13
3456,62
3456,16
3457,25
3457,12
3457,6
3457,32
3458,83
3458,97
3458,25
3458,7
3459,41
3461,12
3463,4
3464,158
3464,28
3464,25
3465,83
3465,7
3467,59
3467,13
3467,12
3467,62
3469,137
3469,22
3470,98
3470,2170
3470,25
3470,214
3471,55
3473,6
3473,31
3473,28
3474,15
3474,12
3475,108
3475,41
3475,267
3475,39
3479,434
3481,22
3481,36
3481,25
3482,71
3482,13
3482,1
3482,21
3483,12
3483,10
3485,41
3485,6
3485,39
3485,36
3487,22
3487,202
3487,27
3487,13
3487,4
3494,77
3494,40
3495,21
3495,71
3495,13
3495,1
3496,83
3496,21
3496,5
3497,22
3497,23
3497,4
3497,28
3498,6
3498,21
3499,71
3499,13
3499,1
3499,21
3500,59
3501,97
3501,25
3501,7
3501,83
3503,850
3503,22
3503,576
3504,40
3506,59
3507,409
3508,41
3508,6
3508,39
3508,36
3509,5
3509,22
3510,21
3510,25
3510,32
3511,32
3511,12
3513,12
3513,6
3513,77
3514,3
3515,13
3515,62
3515,179
3516,22
3518,22
3519,15
3519,16
3522,83
3522,25
3523,13
3523,1
3523,21
3523,71
3524,13
3524,1
3524,21
3524,71
3525,15
3525,27
3526,55
3527,24
3528,450
3528,12
3529,26
3529,25
3531,245
3531,22
3531,450
3532,71
3532,13
3532,1
3532,21
3533,71
3533,13
3533,1
3533,21
3536,36
3536,40
3536,27
3542,3
3545,112
3545,22
3546,1
3546,21
3546,71
3546,13
3547,97
3547,12
3548,128
3548,27
3549,13
3549,1
3549,21
3549,71
3550,71
3550,13
3550,1
3550,21
3551,159
3551,137
3552,13
3552,62
3555,434
3555,450
3555,13
3556,71
3556,13
3556,1
3556,21
3557,21
3558,4
3560,135
3560,12
3561,1
3561,21
3561,71
3561,13
3562,22
3563,115
3563,13
3564,404
3564,245
3565,112
3565,22
3565,97
3566,32
3566,25
3566,12
3566,6
3567,135
3567,62
3569,576
3569,128
3570,179
3571,128
3572,12
3572,25
3572,97
3573,21
3573,6
3574,1049
3575,97
3575,12
3576,62
3578,450
3578,3
3579,450
3579,3
3580,450
3580,3
3581,21
3581,36
3582,97
3583,4
3585,16
3585,40
3587,22
3588,13
3589,55
3590,12
3592,26
3594,4
3595,10
3595,97
3595,12
3597,22
3597,7
3598,450
3599,40
3600,450
3600,3
3602,40
3603,62
3603,112
3603,22
3605,22
3606,13
3606,1
3606,71
3607,12
3607,450
3608,25
3608,12
3609,12
3610,12
3611,16
3611,21
3612,245
3613,128
3614,22
3615,12
3615,97
3616,450
3617,12
3617,4
3617,31
3617,32
3617,40
3618,36
3618,13
3618,25
3618,32
3620,40
3620,12
3620,4
3620,31
3620,32
3621,3
3622,25
3622,12
3622,22
3622,28
3622,39
3623,12
3624,40
3625,36
3625,214
3626,13
3629,40
3629,6
3630,22
3630,25
3631,22
3631,25
3632,12
3633,12
3633,40
3633,32
3633,25
3634,128
3635,59
3635,13
3636,40
3636,6
3636,137
3637,576
3637,13
3638,1049
3639,23
3640,295
3641,576
3642,202
3642,576
3643,59
3643,34
3646,12
3646,112
3646,7
3647,22
3647,4
3647,21
3648,22
3648,4
3648,40
3649,21
3652,71
3652,13
3652,1
3652,21
3654,40
3654,15
3654,16
3655,6
3655,39
3655,36
3655,41
3656,27
3656,22
3657,135
3657,265
3658,137
3658,32
3658,28
3659,83
3660,21
3661,59
3662,40
3662,32
3663,21
3663,22
3663,5
3664,55
3665,22
3666,40
3667,12
3667,97
3667,94
3669,71
3669,21
3669,16
3670,21
3670,7
3670,108
3671,754
3671,22
3675,432
3676,22
3676,85
3677,5
3677,22
3677,62
3679,13
3680,71
3681,108
3681,233
3681,358
3681,31
3682,71
3685,71
3686,71
3687,12
3687,97
3688,12
3688,97
3689,12
3689,97
3692,13
3692,21
3692,1
3693,5
3693,31
3693,62
3694,137
3695,450
3696,94
3696,22
3697,22
3697,28
3697,55
3698,27
3698,311
3699,4
3700,202
3700,26
3701,40
3702,128
3702,15
3702,1723
3703,55
3703,21
3703,28
3707,22
3708,22
3710,12
3710,59
3307,55
3712,21
3712,28
3713,1723
3713,32
3713,21
3713,882
3713,233
3713,267
3715,59
3715,81
3716,576
3716,22
3716,62
3717,12
3717,974
3717,21
3717,83
3717,7
3717,32
3717,40
3719,21
3719,22
3719,40
3720,21
3720,13
3722,97
3722,21
3722,1723
3722,7
3723,12
3723,6
3723,97
3725,22
3725,409
3726,21
3726,22
3726,13
3728,21
3728,7
3728,83
3728,32
3729,28
3729,25
3730,13
3730,1
3730,21
3730,71
3731,71
3731,13
3731,1
3731,21
3732,40
3732,22
3732,28
3733,21
3735,12
3736,22
3736,850
3737,135
3738,432
3738,16
3738,15
3739,15
3739,16
3741,25
3741,22
3742,1
3743,97
3743,12
3744,77
3745,409
3746,59
3747,24
3748,59
3748,25
3749,754
3749,97
3750,16
3751,284
3751,21
3752,6
3752,974
3752,22
3752,81
3753,754
3753,245
3753,3158
3754,40
3754,26
3755,10
3755,22
3755,28
3755,25
3756,55
3756,4
3757,13
3757,1
3757,71
3758,31
3758,601
3758,159
3758,47
3759,12
3759,6
3759,77
3760,22
3760,41
3760,40
3761,15
3761,16
3761,284
3762,265
3762,22
3763,159
3763,97
3763,31
3764,24
3764,137
3764,98
3765,25
3765,59
3766,404
3767,13
3767,1
3767,21
3767,71
3768,13
3768,1
3768,21
3768,71
3769,62
3769,27
3769,179
3770,71
3770,13
3770,1
3770,21
3771,13
3771,1
3771,21
3771,71
3772,284
3773,81
3773,27
3774,576
3774,6
3774,22
3775,1049
3775,27
3775,404
3776,27
3776,404
3776,1049
3777,27
3777,404
3777,1049
3778,27
3778,404
3778,1049
3779,27
3779,404
3779,1049
3780,135
3781,28
3781,47
3781,22
3781,31
3781,39
3782,28
3782,22
3783,27
3783,245
3784,4
3785,7
3785,448
3785,32
3786,81
3787,135
3787,22
3788,22
3788,71
3789,25
3789,28
3790,59
3791,6
3791,22
3792,21
3793,83
3793,25
3794,754
3795,974
3795,504
3795,311
3795,85
3797,1970
3797,3
3799,4
3799,265
3800,22
3800,7
3801,22
3802,22
3802,13
3803,12
3803,32
3804,59
3805,28
3805,25
3806,28
3806,40
3807,22
3807,158
3808,59
3809,267
3809,25
3809,41
3810,98
3811,83
3811,32
3814,15
3814,27
3814,754
3814,22
3817,62
3817,202
3818,59
3820,28
3820,25
3821,7
3821,12
3821,4
3822,36
3822,21
3823,1
3823,71
3823,13
3824,434
3824,40
3825,1
3826,754
3826,40
3827,77
3828,311
3828,62
3830,83
3830,108
3830,7
3830,21
3831,284
3832,135
3833,7
3833,97
3833,21
3833,1723
3835,115
3835,13
3836,13
3836,21
3841,59
3841,21
3842,21
3842,22
3843,27
3844,16
3844,15
3846,97
3848,3158
3849,32
3849,12
3850,25
3851,24
3851,40
3853,28
3853,22
3855,59
3855,22
3857,13
3858,215
3859,16
3859,59
3860,1
3860,21
3860,71
3860,13
3861,71
3861,13
3861,1
3861,21
3863,22
3864,137
3864,83
3864,40
3864,158
3865,159
3867,22
3867,245
3868,22
3869,22
3869,6
3869,62
3869,25
3870,267
3870,26
3870,295
3870,7
3871,27
3872,265
3874,22
3874,4
3874,21
3877,22
3878,1
3879,12
3879,23
3879,4
3880,26
3881,40
3882,4
3882,159
3883,12
3884,245
3886,71
3886,13
3886,1
3886,21
3887,23
3888,22
3888,4
3889,97
3889,12
3890,12
3891,27
3891,21
3893,1
3893,71
3893,13
3894,94
3895,94
3896,15
3896,16
3896,22
3897,137
3897,159
3898,3158
3899,21
3900,6
3900,158
3900,159
3901,21
3901,13
3902,3
3903,137
3903,40
3903,6
3904,62
3905,450
3905,112
3907,15
3907,16
3908,358
3909,59
3909,434
3909,128
3909,1353
3910,434
3910,4
3911,97
3912,1353
3912,25
3913,28
3913,25
3914,22
3914,55
3915,34
3916,36
3916,22
3917,22
3918,21
3919,21
3921,159
3921,10
3921,6
3921,137
3921,32
3923,21
3923,55
3924,40
3924,22
3925,142
3925,12
3925,6
3926,25
3926,22
3926,10
3927,25
3927,28
3929,12
3930,22
3931,21
3931,97
3931,36
3931,40
3931,155
3932,40
3932,97
3932,12
3933,4
3934,22
3935,31
3935,97
3935,12
3938,12
3939,15
3940,12
3942,25
3942,202
3943,202
3943,32
3943,97
3944,159
3944,137
3945,21
3945,13
3946,62
3946,22
3947,22
3947,40
3947,25
3947,28
3948,22
3948,62
3949,202
3949,974
3949,62
3949,13
3949,5
3949,22
3951,24
3951,25
3953,22
3954,59
3955,432
3955,16
3956,59
3958,13
3961,22
3962,13
3962,1
3962,21
3962,71
3968,27
3969,13
3969,62
3969,179
3971,4
3971,155
3971,62
3973,22
3975,576
3977,1
3979,40
3981,265
3982,4
3982,202
3982,27
3984,22
3984,28
3984,40
3985,12
3986,245
3988,311
3988,22
3989,3
3991,32
3991,21
3992,55
3992,22
3993,112
3993,21
3994,40
3994,22
3995,22
3995,40
3996,23
3996,108
3997,25
3997,12
3997,40
3998,47
3998,7
3998,12
3999,245
4000,22
4000,295
4000,135
4001,432
4001,22
4001,15
4002,85
4002,27
4002,21
4003,28
4004,245
4005,4
4005,265
4006,12
4007,97
4008,128
4009,22
4009,576
4010,22
4011,22
4012,179
4012,62
4012,202
4012,22
4013,21
4014,22
4014,4
4014,21
4015,202
4015,1723
4016,22
4016,7
4017,1049
4019,267
4019,36
4019,40
4019,7
4019,4
4020,22
4021,94
4021,71
4021,1
4024,22
4024,850
4025,137
4025,6
4027,62
4028,55
4029,7
4029,22
4030,40
4030,4
4030,233
4031,40
4032,15
4032,16
4032,22
4033,16
4033,15
4036,22
4036,265
4038,21
4038,1723
4038,7
4039,12
4039,22
4040,13
4040,1
4040,71
4041,135
4042,25
4042,59
4042,13
4043,12
4044,40
4044,32
4045,32
4045,31
4046,450
4046,94
4046,16
4047,40
4047,6
4047,28
4047,22
4048,15
4048,16
4049,284
4050,59
4050,15
4051,40
4051,21
4052,21
4052,16
4053,22
4053,62
4054,23
4054,62
4054,7
4055,12
4055,25
4056,450
4056,34
4057,7
4057,40
4057,26
4058,31
4059,245
4060,21
4060,32
4061,73
4061,40
4061,135
4062,15
4062,40
4063,59
4063,40
4064,59
4065,16
4065,22
4066,15
4066,16
4066,40
4067,71
4068,22
4069,358
4070,22
4071,71
4072,71
4073,16
4073,85
4074,71
4074,434
4076,284
4078,40
4079,504
4079,202
4079,793
4079,27
4080,22
4080,15
4080,432
4081,34
4081,59
4082,15
4082,39
4083,409
4083,97
4084,59
4084,135
4085,25
4086,4
4086,22
4087,25
4087,22
4087,6
4089,39
4089,36
4089,31
4089,25
4090,22
4090,55
4091,10
4091,108
4091,7
4091,22
4092,22
4092,55
4093,22
4093,55
4094,12
4094,31
4094,97
4095,265
4095,23
4096,10
4096,12
4097,39
4097,409
4098,94
4098,12
4099,10
4099,39
4099,28
4099,41
4099,22
4100,3
4101,40
4102,16
4102,22
4102,265
4103,4
4103,40
4104,62
4104,13
4104,22
4104,974
4105,1
4106,59
4107,16
4107,36
4107,1723
4108,71
4108,13
4108,1
4108,21
4109,504
4109,22
4109,3158
4110,62
4111,22
4111,434
4112,12
4112,97
4113,4
4114,77
4114,98
4115,12
4116,13
4117,5
4118,245
4119,27
4120,27
4121,27
4122,27
4123,97
4123,12
4124,40
4125,77
4126,40
4127,13
4127,59
4127,202
4131,25
4131,22
4132,13
4132,22
4133,434
4134,245
4135,1
4136,6
4136,41
4136,4
4136,7
4137,21
4138,13
4138,25
4138,40
4139,135
4139,22
4140,22
4140,62
4140,59
4141,1970
4142,25
4142,22
4143,4
4144,6
4144,12
4145,1330
4146,6
4147,22
4147,28
4147,25
4147,97
4148,128
4150,22
4150,434
4151,434
4152,1
4153,1723
4153,85
4153,202
4153,21
4154,21
4155,155
4156,137
4157,22
4159,25
4159,22
4160,83
4160,12
4161,97
4161,12
4161,83
4162,22
4163,12
4163,108
4164,22
4165,108
4165,12
4166,12
4166,112
4167,108
4167,12
4168,22
4168,4
4170,128
4170,22
4170,15
4171,59
4171,40
4171,97
4172,22
4172,40
4172,25
4173,97
4174,3
4175,59
4176,265
4176,245
4177,21
4177,85
4178,12
4178,22
4179,25
4179,59
4181,155
4181,22
4185,112
4185,12
4185,10
4186,71
4187,21
4187,13
4188,27
4189,22
4190,16
4190,13
4192,16
4192,27
4193,22
4194,25
4195,793
4195,22
4196,22
4196,27
4197,754
4197,85
4197,15
4197,22
4198,22
4198,27
4199,22
4199,31
4199,25
4200,27
4203,22
4203,754
4204,901
4205,21
4206,754
4207,434
4208,901
4209,3
4210,155
4210,40
4211,22
4212,10
4212,36
4213,22
4213,901
4213,55
4214,97
4215,974
4216,974
4217,22
4218,22
4219,85
4219,36
4220,85
4220,36
4221,85
4221,36
4222,85
4222,36
4223,128
4223,179
4223,7
4224,22
4224,21
4225,40
4226,22
4229,62
4230,62
4230,22
4232,85
4232,71
4232,13
4232,1
4233,40
4233,142
4234,15
4235,12
4235,214
4236,22
4236,115
4237,7
4237,137
4238,284
4238,16
4239,265
4239,5
4239,24
4240,265
4240,5
4240,24
4241,27
4241,4
4242,3
4242,27
4242,128
4243,12
4244,284
4244,12
4245,12
4247,12
4253,4
4254,59
4254,21
4254,155
4254,22
4255,24
4255,265
4255,5
4256,24
4256,265
4256,5
4257,24
4257,265
4257,5
4258,448
4258,22
4259,265
4259,5
4259,24
4261,59
4262,13
4262,85
4263,22
4264,22
4264,3158
4264,62
4264,754
4266,22
4267,22
4269,81
4269,6
4271,5027
4271,27
4271,793
4272,22
4272,59
4273,15
4273,16
4273,40
4274,12
4274,265
4275,71
4276,40
4277,97
4277,12
4278,3
4279,40
4279,47
4279,36
4279,28
4280,135
4280,41
4280,22
4280,83
4281,22
4281,4
4282,21
4282,4
4282,108
4283,13
4283,450
4283,71
4284,22
4284,12
4285,97
4285,55
4285,98
4285,24
4288,128
4289,23
4289,97
4289,22
4289,83
4290,27
4291,4
4291,12
4292,22
4293,12
4294,28
4294,55
4295,28
4295,36
4295,40
4295,10
4295,22
4296,265
4296,5
4296,24
4297,32
4297,24
4298,22
4298,55
4299,4
4299,1049
4300,40
4300,882
4300,448
4300,10
4301,21
4302,135
4303,21
4304,1
4304,71
4305,1
4305,71
4306,39
4306,137
4307,22
4308,754
4309,265
4310,22
4310,55
4311,22
4311,55
4312,22
4312,77
4312,36
4312,40
4313,40
4313,12
4314,16
4315,1049
4315,40
4316,1049
4316,22
4317,40
4317,15
4317,22
4317,59
4318,128
4318,265
4319,284
4319,128
4320,28
4322,3
4323,40
4323,25
4323,97
4324,6
4324,233
4324,1177
4324,55
4325,3
4325,1970
4326,10
4326,40
4326,448
4327,40
4327,1049
4327,22
4328,6
4328,25
4329,22
4329,40
4329,1049
4330,12
4331,23
4331,97
4331,22
4331,83
4332,28
4332,22
4332,40
4332,25
4333,62
4333,40
4334,155
4335,85
4335,22
4336,358
4336,448
4336,41
4336,6
4336,7
4338,36
4338,24
4339,22
4340,1
4340,71
4341,1
4341,71
4342,59
4342,22
4343,13
4343,1
4343,21
4343,71
4344,4
4344,22
4345,22
4345,4
4346,22
4346,4
4347,4
4348,4
4348,22
4349,22
4349,4
4350,4
4350,22
4351,22
4351,4
4352,4
4352,22
4353,22
4353,4
4354,22
4354,245
4355,159
4355,137
4356,12
4356,40
4357,974
4357,22
4357,27
4358,28
4358,179
4358,40
4358,83
4359,13
4359,1
4359,71
4360,27
4360,22
4361,40
4361,409
4362,409
4362,25
4363,25
4363,22
4364,16
4364,22
4364,15
4365,358
4365,4
4366,98
4366,135
4366,83
4367,21
4367,4
4368,62
4368,27
4370,97
4370,12
4371,112
4371,25
4372,10
4372,155
4372,39
4373,22
4375,754
4376,25
4376,32
4378,15
4378,16
4378,22
4379,265
4379,21
4380,71
4381,16
4382,108
4382,22
4383,10
4383,448
4383,4
4384,22
4384,25
4385,448
4385,22
4386,10
4386,24
4390,108
4390,233
4390,358
4390,31
4391,28
4391,12
4392,108
4392,23
4396,34
4396,6
4397,10
4397,22
4398,27
4399,22
4399,4
4400,97
4400,12
4401,16
4401,13
4402,22
4402,28
4403,81
4404,158
4404,25
4405,245
4405,22
4405,450
4406,3
4406,12
4407,4
4407,22
4408,4
4408,22
4409,245
4409,6
4410,450
4410,3
4411,21
4411,55
4413,40
4413,6
4413,77
4414,22
4415,40
4415,32
4416,71
4417,71
4417,21
4417,1
4418,245
4418,404
4419,1
4419,71
4420,71
4420,1
4421,265
4421,245
4423,55
4423,6
4424,25
4424,12
4425,27
4425,793
4425,22
4426,112
4426,12
4427,16
4427,40
4427,265
4428,21
4428,55
4429,358
4429,5
4429,4
4429,448
4430,40
4430,25
4431,13
4431,27
4432,12
4432,97
4433,112
4434,22
4434,55
4434,21
4434,28
4435,77
4435,40
4436,97
4438,265
4438,22
4438,62
4442,128
4443,13
4443,23
4444,12
4445,40
4445,22
4445,77
4446,1
4447,22
4447,21
4448,135
4448,112
4448,1049
4449,265
4449,40
4450,21
4450,13
4451,40
4451,25
4451,155
4452,22
4453,128
4454,62
4454,31
4454,22
4455,40
4456,85
4456,22
4456,36
4457,882
4457,7
4458,245
4458,22
4459,22
4461,7
4461,40
4461,4
4462,265
4462,5
4462,24
4464,1
4465,98
4465,12
4465,10
4465,97
4466,1049
4466,245
4466,22
4467,40
4467,6
4467,137
4469,12
4469,10
534,31
534,601
534,24
534,41
4471,25
4471,22
4472,47
4472,267
4472,6
4473,1049
4473,22
4474,1049
4474,22
4475,1049
4475,22
4476,1049
4476,22
4477,1049
4477,22
4478,1049
4478,22
4479,24
4479,215
4480,21
4480,22
4481,22
4483,21
4483,1
4483,71
4484,1970
4485,77
4485,40
4486,28
4486,47
4486,40
4486,10
4486,22
4487,22
4488,27
4489,22
4490,14
4490,7
4490,22
4491,97
4491,137
4491,12
4491,112
4491,10
4492,22
4492,40
4492,25
4492,47
4493,25
4493,32
4493,12
4494,215
4494,25
4495,39
4495,32
4495,7
4495,1723
4496,22
4496,40
4497,28
4497,12
4497,22
4497,10
4498,39
4498,202
4498,40
4499,13
4499,16
4500,13
4500,1
4500,21
4500,71
4501,21
4502,22
4502,434
4503,13
4503,59
4504,245
4504,22
4505,85
4505,27
4506,22
4506,25
4507,40
4507,155
4508,12
4508,36
4508,28
4508,32
4508,22
4509,12
4509,98
4509,882
4510,97
4510,754
4511,22
4511,115
4512,71
4512,1
4513,71
4513,1
4514,27
4515,71
4515,1
4515,115
4516,22
4516,27
4517,1
4518,1
4519,40
4519,135
4520,59
4521,15
4521,22
4522,12
4523,40
4523,14
4523,21
4523,23
4524,576
4524,21
4524,22
4525,12
4525,265
4525,214
4526,36
4526,7
4526,39
4526,10
4526,47
4527,16
4527,59
4527,97
4528,85
4528,27
4529,245
4529,404
4529,21
4529,3158
4530,59
4530,15
4531,85
4531,284
4532,284
4533,31
4533,55
4533,14
4534,31
4534,32
4534,137
4534,97
4535,40
4535,31
4536,21
4537,1
4538,77
4539,1049
4539,245
4540,245
4540,22
4541,22
4541,27
4542,22
4542,27
4543,22
4544,40
4544,404
4545,25
4547,22
4548,22
4549,155
4550,12
4552,40
4552,128
4553,40
4553,22
4554,22
4554,55
4555,1
4556,1934
4556,71
4557,128
4558,22
4558,576
4558,21
4559,6
4559,25
4560,295
4560,62
4561,40
4561,265
4562,22
4563,40
4563,265
4564,311
4564,57
4565,83
4565,137
4566,15
4566,16
4567,22
4567,202
4567,85
4569,22
4569,1
4569,71
4570,233
4570,23
4570,4
4571,22
4572,22
4573,85
4573,27
4574,97
4574,12
4575,71
4575,21
4575,14
4576,601
4576,31
4577,1
4578,137
4578,55
4579,32
4579,179
4579,47
4580,22
4581,6
4581,32
4581,25
4581,12
4582,59
4582,22
4582,27
4583,59
4583,22
4583,27
4584,59
4584,22
4584,27
4585,576
4585,22
4586,40
4586,22
4587,85
4587,16
4588,179
4588,31
4588,62
4589,1
4590,83
4590,21
4590,14
4591,202
4591,14
4592,754
4593,3
4594,128
4594,4
4595,6
4595,31
4595,434
4595,159
4597,85
4598,2339
4599,2339
4600,3
4600,12
4601,1934
4601,13
4603,6
4603,25
4603,137
4604,21
4605,128
4605,36
4607,97
4608,22
4609,22
4614,22
4614,55
4614,21
4614,28
4615,311
4615,85
4615,974
4615,504
4616,4
4616,22
4617,601
4617,32
4617,28
4618,4
4618,31
4618,24
4620,22
4621,284
4625,159
4625,137
4626,27
4627,448
4627,31
4627,112
4628,62
4630,22
4630,6
4631,1
4632,1
4633,27
4636,28
4636,7
4636,25
4636,31
4638,25
4638,28
4639,202
4639,7
4639,31
4639,179
4640,22
4640,793
4641,22
4641,576
4642,21
4642,22
4642,14
4643,1
4644,1
4645,27
4646,22
4646,16
4646,59
4647,112
4648,25
4648,28
4649,137
4649,22
4650,40
4650,77
4651,12
4651,36
4651,10
4651,32
4651,28
4652,28
4652,40
4653,13
4653,22
4653,115
4654,22
4654,4
4655,23
4655,25
4655,601
4656,36
4656,40
4656,112
4657,4
4657,40
4659,21
4660,22
4660,40
4660,21
4661,22
4662,41
4662,135
4663,28
4663,25
4663,22
4664,27
4664,1049
4665,1
4666,32
4666,12
4668,295
4668,62
4668,233
4669,601
4669,55
4670,97
4670,16
4671,22
4672,135
4673,1
4674,1
4675,1
4676,71
4676,1
4677,21
4678,85
4678,27
4679,27
4681,1
4681,115
4683,27
4683,311
4684,22
4684,115
4685,22
4686,3
4686,115
4687,12
4687,97
4687,901
4687,66
4687,14
4687,57
4687,40
4688,12
4688,97
4688,901
4688,66
4688,14
4688,57
4688,40
4689,22
4690,21
4691,47
4691,214
4692,112
4692,97
4692,66
4694,22
4694,4
4695,22
4695,4
4696,22
4696,4
4697,22
4697,4
4698,55
4699,40
4699,36
4700,128
4701,47
4701,97
4702,71
4703,31
4703,358
4704,22
4705,24
4705,265
4705,5
4707,3
4707,214
4707,6
4708,21
4708,12
4708,23
4709,245
4709,22
4710,1
4711,1353
4711,21
4712,358
4712,13
4713,601
4713,24
4713,40
4714,12
4714,10
4715,1
4716,1
4717,1
4718,40
4719,284
4720,22
4720,97
4720,128
4721,4
4721,40
4721,22
4721,7
4723,22
4724,25
4724,22
4725,25
4725,36
4725,128
4727,434
4728,13
4729,13
4731,1
4732,27
4732,1049
4732,22
4733,21
4733,409
4733,28
4733,7
4735,1
4736,97
4736,47
4737,25
4737,7
4737,28
4738,128
4738,22
4739,21
4740,97
4740,12
4742,12
4743,16
4743,22
4743,15
4744,6
4744,7
4744,28
4744,32
4745,28
4745,32
4745,6
4745,7
4746,6
4746,7
4746,28
4746,32
4747,22
4747,59
4747,27
4747,13
4748,12
4748,16
4749,128
4750,135
4751,13
4751,41
4752,77
4752,40
4753,55
4753,31
4753,25
4753,28
4754,55
4754,31
4754,25
4754,28
4755,1
4755,71
4756,40
4756,28
4757,10
4757,97
4757,12
4758,22
4759,267
4759,32
4759,97
4761,22
4762,22
4763,71
4763,13
4764,4
4764,22
4765,793
4765,27
4766,27
4767,24
4767,62
4768,202
4768,21
4769,85
4769,22
4769,21
4770,22
4770,4
4771,27
4773,71
4773,21
4773,1
4774,1
4774,71
4774,21
4775,12
4775,32
4776,40
4776,25
4777,4
4778,137
4779,85
4779,22
4780,28
4780,448
4780,12
4781,71
4781,21
4781,1
4782,27
4782,793
4782,22
4783,601
4783,24
4784,40
4784,77
4784,25
4784,155
4786,59
4786,16
4787,22
4787,12
4787,21
4788,27
4788,4
4789,28
4789,135
4789,83
4792,901
4792,22
4792,40
4792,21
4794,22
4794,15
4794,36
4794,432
4796,13
4796,1
4797,1
4798,1
4801,40
4801,77
4802,16
4802,6
4803,22
4803,6
4805,22
4808,22
4809,22
4810,25
4810,36
4810,128
4811,25
4811,22
4812,25
4812,22
4813,28
4813,135
4813,83
4814,21
4814,4
4814,23
4815,28
4815,135
4815,83
4816,576
4816,4
4817,14
4817,4
4817,7
4817,36
4817,21
4818,40
4818,13
4819,128
4819,15
4819,27
4819,16
4820,22
4820,28
4820,25
4821,15
4821,16
4822,16
4822,15
4823,22
4824,40
4824,94
4825,28
4825,97
4825,22
4825,12
4826,450
4826,13
4828,21
4828,22
4828,40
4829,28
4829,10
4829,31
4831,16
4831,1353
4832,31
4832,22
4832,47
4838,155
4839,22
4839,27
4839,10
4840,36
4840,108
4840,39
4840,4
4840,12
4841,36
4841,108
4841,39
4841,4
4841,12
4842,36
4842,108
4842,39
4842,4
4842,12
4847,284
4847,128
4850,13
4850,450
4850,71
4851,13
4851,450
4851,71
4852,245
4853,22
4853,245
4854,22
4854,245
4855,71
4855,1
4856,7
4856,40
4856,98
4856,135
4856,28
4857,55
4857,7
4857,21
4857,108
4858,135
4859,55
4859,7
4859,21
4859,108
4860,31
4861,22
4861,55
4861,25
4861,40
4863,62
4863,59
4863,81
4865,179
4865,22
4866,12
4866,97
4866,31
4866,115
4867,28
4867,12
4867,22
4867,31
4867,32
4868,28
4868,12
4868,22
4868,31
4868,32
4869,850
4869,434
4869,432
4870,245
4871,358
4871,108
4871,4
4871,22
4872,15
4872,16
4873,112
4873,97
4873,12
4874,97
4874,12
4874,25
4875,94
4877,40
4877,83
4877,202
4877,41
4878,40
4878,83
4878,202
4878,41
4879,21
4879,40
4880,25
4880,214
4881,25
4882,97
4883,974
4883,179
4883,202
4884,22
4884,10
4885,47
4885,25
4885,601
4886,47
4886,7
4887,97
4887,12
4887,21
4888,432
4888,15
4889,71
4890,7
4890,22
4890,41
4891,27
4891,13
4891,21
4892,4
4893,901
4894,40
4894,601
4894,10
4895,601
4896,39
4896,62
4896,59
4896,22
4897,25
4897,12
4899,28
4899,112
4901,128
4901,1049
4902,97
4903,28
4903,22
4903,40
4903,6
4906,27
4906,22
4908,77
4910,245
4910,22
4911,295
4911,28
4911,62
4912,135
4912,22
4914,21
4914,32
4914,23
4915,25
4915,22
4917,108
4917,21
4918,22
4919,245
4919,22
4921,284
4922,3158
4923,450
4924,22
4924,16
4925,62
4926,754
4927,4
4929,40
4929,601
4929,159
4929,7
4930,576
4930,22
4931,2511
4932,245
4933,245
4934,28
4934,32
4934,6
4934,7
4935,6
4935,7
4935,28
4935,32
4936,16
4936,13
4936,27
4937,135
4939,135
4943,21
4943,4733
4943,1723
4944,22
4944,27
4946,22
4947,4
4947,40
4947,448
4947,137
4950,22
4950,16
4950,13
4951,12
4952,97
4953,22
4953,27
4954,12
4955,10
4955,112
4955,882
4956,245
4956,22
4957,245
4957,22
4958,21
4958,23
4959,22
4959,1
4959,21
4960,245
4960,22
4961,71
4961,245
4961,22
4962,245
4962,22
4963,245
4963,22
4964,85
4964,21
4965,13
4965,21
4965,504
4966,16
4966,25
4966,15
4966,22
4967,32
4968,4
4968,448
4968,7
4968,6
4968,55
4969,159
4969,137
4969,112
4969,31
4975,40
4976,13
4976,27
4977,12
4977,77
4977,40
4977,26
4977,6
4978,22
4979,83
4979,137
4980,40
4980,25
4981,97
4981,12
4981,28
4982,1
4983,1
4984,1
4985,1
4986,1
4987,1
4990,245
4990,15
4990,62
4990,13
4991,55
4993,434
4994,267
4995,267
4996,267
4997,267
5000,601
5000,24
5001,25
5001,40
5002,47
5002,31
5003,83
5003,14
5003,55
5003,179
5003,21
5005,21
5005,94
5005,7
5006,137
5007,85
5007,13
5007,21
5008,77
5009,28
5009,32
5009,112
5009,47
5009,36
5010,7
5010,12
5010,4
5011,62
5012,21
5013,26
5014,22
5015,27
5016,27
5017,22
5018,245
5018,22
5020,27
5022,21
5022,22
5022,12
5023,284
5023,128
5024,28
5024,179
5024,40
5024,83
5025,22
5025,62
5025,6
5026,267
5026,22
5026,7
5027,21
5027,22
5028,22
5028,14
5028,21
5029,22
5029,14
5029,21
5030,4
5030,40
5031,4
5031,40
5032,4
5032,40
5033,4
5033,40
5034,13
5034,21
5035,21
5035,14
5035,13
5036,137
5036,6
5038,25
5038,40
5041,24
5042,450
5043,32
5043,159
5044,10
5044,40
5044,41
5045,25
5046,450
5047,22
5047,4
5047,21
5050,55
5050,7
5050,25
5050,12
5051,55
5051,7
5051,25
5051,12
5052,55
5052,7
5052,25
5052,12
5053,23
5053,40
5053,25
5054,22
5054,4
5055,22
5056,21
5056,7
5056,83
5056,32
5057,112
5057,2170
5057,55
5058,4
5058,137
5059,28
5059,25
5061,83
5061,98
5062,97
5062,25
5062,32
5065,25
5065,28
5065,22
5065,40
5066,97
5066,12
5067,7
5067,6
5068,40
5068,25
5068,28
5068,22
5070,7
5070,6
5071,7
5071,6
5072,137
5072,6
5073,135
5074,158
5074,25
5074,59
5075,5
5075,24
5075,265
5076,265
5077,12
5078,21
5078,1
5078,71
5079,22
5079,135
5080,448
5080,28
5081,22
5081,7
5081,358
5081,108
5081,4
5082,23
5082,21
5082,14
5083,55
5083,358
5083,31
5084,55
5084,358
5084,31
5085,21
5085,22
5085,40
5086,22
5087,27
5088,27
5089,27
5090,22
5091,6
5091,32
5091,267
5092,22
5092,115
5092,21
5093,97
5093,12
5093,25
5094,358
5094,22
5095,22
5095,62
5095,26
5096,12
5096,40
5096,27
5097,22
5097,882
5097,5
5098,12
5098,77
5098,40
5098,26
5098,6
5099,22
5099,28
5099,39
5099,25
5099,7
5100,12
5100,97
5100,25
5100,14
5101,28
5101,12
5102,14
5102,108
5102,4733
5103,358
5103,25
5103,22
5104,77
5105,358
5105,83
5105,22
5105,7
5106,28
5106,4
5106,21
5106,22
5107,71
5107,21
5107,1
5108,13
5108,21
5110,10
5110,22
5111,4
5111,7
5111,22
5112,13
5112,59
5112,25
5112,40
5113,21
5113,12
5114,40
5114,62
5115,22
5115,40
5116,137
5116,159
5117,25
5117,265
5118,62
5119,28
5119,25
5119,10
5120,55
5120,32
5121,4
5121,40
5121,22
5123,12
5123,28
5125,34
5125,22
5125,245
5126,98
5126,6
5127,36
5127,214
5128,55
5129,21
5129,22
5131,295
5131,27
5132,7
5132,97
5133,32
5133,28
5133,25
5134,21
5134,28
5134,22
5134,55
5136,21
5136,71
5136,13
5136,1
5137,22
5137,4
5137,21
5138,27
5139,23
5139,265
5140,55
5140,7
5140,25
5140,12
5141,22
5141,28
5141,39
5141,25
5141,7
5143,179
5143,214
5144,28
5144,10
5144,25
5144,24
5145,202
5145,1
5145,71
5145,57
5146,22
5146,5
5146,62
5146,28
5147,22
5147,358
5147,25
5148,23
5148,179
5148,21
5148,83
5148,14
5149,4
5149,23
5150,22
5150,25
5151,4733
5151,21
5152,22
5152,55
5153,450
5153,94
5153,71
5153,16
5153,1
5153,21
5154,28
5154,6
5154,41
5154,22
5155,22
5156,27
5156,62
5157,21
5157,22
5157,40
5158,81
5158,974
5159,21
5159,40
5159,55
5159,179
5160,22
5160,434
5160,62
5161,6
5161,22
5161,62
5162,135
5163,601
5164,47
5164,22
5164,40
5164,25
5165,77
5165,6
5165,12
5165,40
5166,32
5167,14
5167,21
5167,22
5168,25
5168,12
5168,214
5169,158
5169,36
5170,13
5170,62
5170,7
5171,12
5171,6
5172,40
5172,77
5172,26
5173,214
5174,6
5174,41
5174,4
5174,7
5175,22
5176,22
5177,13
5177,21
5177,1
5178,26
5178,40
5180,14
5180,21
5181,409
5182,28
5182,25
5183,55
5184,34
5184,22
5184,245
5185,26
5186,4
5186,128
5187,36
5187,108
5187,4
5187,7
5188,21
5188,36
5189,21
5189,1
5189,13
5190,47
5190,12
5191,22
5191,14
5191,6
5194,16
5195,32
5196,142
5197,135
5198,1934
5198,71
5199,284
5200,6
5200,22
5200,62
5201,21
5201,85
5201,13
5202,97
5202,12
5203,21
5203,13
5204,28
5204,12
5205,22
5205,358
5205,108
5205,4
5206,21
5207,1
5207,21
5208,85
5208,27
5208,202
5209,25
5209,28
5209,22
5209,40
5210,22
5210,6
5211,21
5211,22
5211,40
5212,81
5212,974
5212,40
5213,21
5214,22
5215,4733
5215,14
5216,22
5217,40
5217,57
5217,14
5218,57
5218,179
5219,6
5219,22
5220,23
5220,83
5220,21
5220,31
5221,22
5221,15
5221,432
5222,62
5222,179
5223,12
5224,22
5224,179
5225,214
5225,6
5225,179
5226,25
5227,83
5227,24
5227,32
5228,179
5229,21
5229,1
5229,13
5230,27
5230,15
5230,21
5231,4
5231,40
5232,214
5232,25
5233,12
5234,21
5234,40
5234,13
5235,13
5235,14
5236,23
5237,27
5237,62
5238,159
5238,137
5239,10
5239,21
5240,112
5240,12
5241,27
5242,85
5242,21
5244,22
5244,14
5244,6
5245,7
5245,6
5246,22
5246,14
5246,6
5247,22
5248,12
5248,137
5249,21
5249,71
5249,13
5250,66
5250,21
5251,97
5252,22
5252,155
5252,25
5254,25
5254,62
5254,13
5255,14
5255,21
5256,21
5256,71
5256,13
5257,108
5257,21
5257,7
5258,40
5258,22
5258,28
5259,21
5260,31
5260,358
5261,10
5261,55
5262,4
5262,233
5263,40
5263,448
5264,83
5264,10
5264,97
5265,32
5265,28
5265,25
5267,137
5267,112
5267,31
5268,97
5268,12
5269,40
5269,47
5269,36
5269,28
5270,21
5270,22
5270,40
5271,22
5271,4
5272,12
5272,97
5273,21
5273,40
5274,159
5274,47
5274,137
5275,39
5276,22
5276,25
5277,21
5277,267
5278,22
5278,311
5279,601
5279,28
5279,22
5280,14
5280,21
5280,12
5280,83
5281,27
5282,40
5282,21
5283,22
5284,850
5285,135
5286,6
5287,295
5287,77
5289,13
5289,71
5290,40
5290,12
5291,22
5291,4
5292,40
5294,112
5295,25
5296,21
5296,23
5297,4
5297,22
5298,12
5299,6
5299,32
5300,27
5300,13
5300,62
5301,245
5302,13
5303,12
5303,28
5303,15
5304,55
5306,450
5306,12
5307,55
5308,27
5308,15
5309,59
5309,202
5309,13
5310,21
5310,14
5310,4
5310,108
5311,6
5311,98
5311,112
5311,97
5313,128
5313,22
5314,71
5315,6
5315,22
5315,14
5316,13
5316,21
5316,1
5317,25
5317,32
5317,28
5318,22
5318,6
5320,155
5321,71
5321,23
5322,31
5322,28
5322,7
5322,25
5324,21
5324,13
5325,13
5325,21
5325,85
5326,16
5326,27
5326,432
5327,22
5327,4
5327,21
5328,36
5328,22
5328,4
5329,13
5329,27
5330,14
5330,1049
5330,21
5331,22
5332,36
5333,25
5334,23
5334,265
5335,4
5335,22
5336,1
5337,55
5338,22
5340,22
5340,576
5342,47
5342,601
5342,36
5342,32
5343,77
5343,40
5344,284
5344,4
5345,155
5345,41
5345,135
5346,31
5346,601
5346,159
5346,47
5347,4
5348,83
5348,14
5348,21
5348,12
5349,21
5350,10
5350,108
5350,7
5351,1
5352,40
5352,77
5353,6
5353,7
5353,28
5353,97
5354,97
5354,215
5355,3
5356,25
5356,214
5357,6
5357,28
5357,22
5357,40
5358,31
5359,71
5359,179
5359,21
5359,23
5361,137
5361,267
5361,28
5362,14
5362,108
5362,21
5363,6
5363,13
5365,36
5365,108
5365,4
5365,7
5366,59
5367,25
5367,214
5368,23
5368,71
5368,179
5368,21
5369,22
5369,55
5369,6
5369,28
5370,22
5370,128
5371,71
5371,179
5371,21
5371,23
5372,22
5372,28
5372,40
5373,21
5373,14
5374,21
5374,14
5376,40
5376,4
5377,41
5377,108
5378,13
5378,21
5378,1
5379,6
5379,40
5379,1049
5380,21
5380,23
5381,83
5381,97
5381,6
5381,12
5383,21
5383,1
5383,13
5384,40
5384,21
5385,21
5385,23
5386,135
5386,21
5387,40
5387,97
5387,22
5387,28
5388,40
5389,3
5390,137
5390,97
5391,159
5391,22
5392,71
5393,22
5393,4
5393,21
5394,22
5395,7
5395,6
5396,112
5396,12
5397,40
5397,135
5397,26
5398,22
5399,22
5399,55
5399,21
5399,28
5400,77
5402,41
5403,7
5403,6
5404,39
5404,25
5404,7
5404,22
5404,28
5405,27
5405,16
5405,13
5406,21
5406,59
5407,27
5407,21
5408,40
5408,77
5409,85
5410,97
5410,6
5410,32
5411,7
5411,6
5412,71
5412,21
5412,1
5413,295
5413,62
5415,36
5416,22
5416,6
5417,55
5417,6
5418,27
5418,1049
5419,3
5420,28
5420,22
5420,97
5421,55
5421,22
5422,40
5422,267
5423,22
5424,25
5424,22
5425,71
5425,16
5425,21
5425,450
5425,1
5426,31
5427,137
5427,159
5428,62
5429,97
5429,12
5430,265
5430,59
5431,22
5431,62
5432,12
5432,22
5433,40
5433,12
5434,14
5434,179
5435,1970
5435,179
5436,28
5436,25
5436,97
5437,71
5438,28
5438,25
5438,16
5439,22
5440,25
5440,7
5440,28
5441,21
5442,77
5443,1
5443,115
5444,21
5445,40
5445,135
5446,25
5446,22
5446,6
5447,25
5447,5
5448,62
5448,179
5448,22
5449,128
5451,21
5452,40
5453,179
5453,22
5454,28
5454,22
5454,40
5454,6
5455,21
5456,62
5456,214
5456,85
5456,179
5457,267
5457,21
5459,4
5459,23
5460,448
5460,22
5461,448
5461,22
5462,179
5463,21
5463,23
5463,71
5463,179
5464,77
5465,81
5466,27
5466,245
5466,85
5467,27
5468,202
5468,13
5469,22
5469,4
5469,40
5470,41
5470,40
5473,4
5473,40
5473,22
5474,13
5474,21
5474,1
5475,26
5475,6
5475,25
5476,21
5476,40
5478,15
5478,13
5479,22
5479,4
5480,13
5480,21
5480,504
5481,13
5481,1
5481,21
5481,71
5482,21
5483,21
5483,1049
5484,62
5484,179
5484,13
5485,14
5485,23
5487,4
5487,14
5487,21
5488,97
5488,40
5488,6
5489,71
5490,137
5490,32
5490,28
5491,27
5491,22
5492,21
5492,85
5492,13
5493,22
5493,4
5493,21
5494,32
5494,12
5495,4
5497,22
5497,28
5497,97
5497,25
5497,12
5498,23
5498,21
5499,21
5499,12
5500,32
5500,47
5500,214
5501,40
5501,112
5501,22
5502,179
5502,5
5502,974
5503,12
5503,28
5503,97
5504,22
5504,27
5504,284
5505,158
5505,974
5505,4
5505,83
5506,40
5506,115
5507,448
5507,4
5508,31
5508,358
5509,24
5510,55
5510,135
5510,31
5511,28
5511,22
5511,15
5512,25
5512,22
5513,23
5513,40
5514,3
5515,22
5515,245
5516,25
5516,32
5516,36
5516,97
5517,576
5518,27
5519,31
5519,22
5519,158
5519,13
5520,576
5520,22
5521,22
5521,10
5522,4
5522,450
5523,21
5523,23
5523,128
5523,16
5524,1723
5524,22
5524,754
5524,15
5524,27
5524,215
5525,22
5526,21
5528,12
5528,10
5528,97
5528,215
5530,77
5530,155
5531,155
5532,601
5532,31
5533,83
5533,14
5533,21
5533,12
5534,10
5534,108
5534,7
5535,21
5536,21
5536,22
5536,137
5537,27
5538,12
5538,22
5539,4
5540,40
5540,115
5541,12
5542,25
5542,36
5542,31
5543,25
5543,26
5544,4
5544,179
5544,265
5545,3158
5545,754
5546,128
5547,128
5547,112
5548,31
5548,4
5548,41
5549,22
5550,22
5552,22
5552,265
5553,22
5553,7
5555,21
5556,13
5556,62
5557,21
5558,6
5559,245
5560,179
5560,21
5560,23
5560,71
5561,24
5562,22
5563,97
5563,12
5564,59
5564,81
5564,85
5566,62
5566,179
5566,214
5567,3
5568,22
5569,12
5570,850
5570,22
5571,83
5571,21
5571,5
5572,13
5572,27
5573,32
5573,40
5574,4
5574,22
5575,25
5575,40
5576,137
5577,12
5577,21
5577,97
5578,62
5578,179
5578,21
5579,47
5579,31
5580,6
5580,83
5580,21
5580,179
5581,1177
5581,4
5583,13
5583,179
5584,1177
5584,31
5584,22
5585,179
5585,6
