"id_boardgame","id_theme"
1,1
2,2
2,3
3,4
4,5
5,6
6,6
7,8
8,9
9,4
10,6
11,6
12,13
12,14
13,15
14,16
15,4
15,6
16,19
17,20
18,21
18,6
19,5
20,24
21,6
21,26
22,27
24,24
24,29
26,30
28,29
29,5
30,6
30,34
30,21
32,36
33,37
33,38
33,39
34,6
34,21
35,42
36,43
37,44
38,19
40,46
40,5
41,6
41,21
43,50
44,19
46,1
47,53
49,50
49,5
51,5
51,57
52,42
53,15
54,60
55,36
55,15
57,53
58,53
60,65
61,66
63,5
64,6
65,69
66,19
67,71
67,21
67,6
68,74
68,4
69,76
70,5
71,34
73,65
74,24
75,21
75,6
76,6
76,21
77,4
80,13
81,6
81,21
82,21
85,66
86,14
87,6
89,93
90,37
91,21
91,6
91,97
92,42
93,4
95,44
96,101
97,5
98,24
100,104
101,6
102,13
103,107
104,21
105,109
108,4
109,74
109,57
110,38
112,2
114,104
114,116
115,60
116,116
116,2
118,20
119,107
119,122
121,101
122,5
123,1
126,19
126,53
128,21
128,6
129,6
130,6
131,14
131,2
131,134
132,5
132,6
132,50
133,6
134,6
135,14
135,50
135,5
136,13
136,15
137,1
138,38
138,39
139,97
139,149
141,43
141,6
141,21
142,43
142,6
143,21
143,6
144,53
146,4
146,159
148,14
148,34
149,74
151,6
151,34
151,46
152,13
153,104
155,21
157,4
158,16
158,14
159,5
160,134
162,6
163,97
164,71
164,6
165,5
166,37
167,180
168,104
169,19
170,15
171,44
173,185
174,19
174,26
175,6
176,185
177,21
177,6
178,5
179,4
180,24
181,65
181,53
181,2
182,4
183,6
184,66
185,5
185,1
186,19
186,21
187,21
188,19
189,36
189,208
190,6
190,34
191,4
192,212
193,42
193,37
194,1
195,6
196,6
197,6
198,16
198,6
200,69
201,9
202,19
203,149
203,225
204,42
205,26
205,6
206,229
206,116
207,6
207,21
208,14
209,5
210,34
211,180
211,237
212,4
212,42
213,240
213,76
214,4
214,180
215,66
217,107
217,246
218,107
218,246
219,69
220,26
222,26
224,20
224,237
224,4
225,149
225,24
226,34
227,5
228,5
229,24
231,19
232,26
233,19
234,6
235,149
235,4
236,149
237,6
237,21
238,1
239,9
240,9
242,6
244,6
247,4
248,21
248,6
255,101
256,4
257,97
258,19
259,21
259,6
261,15
262,4
264,6
264,21
265,9
265,29
266,116
267,6
269,19
270,6
271,19
272,66
272,14
273,6
274,104
275,19
276,104
277,4
281,3
282,134
282,14
285,21
286,6
287,43
287,2
288,6
288,15
291,311
292,74
293,34
293,3
294,237
295,9
295,16
296,53
296,93
296,37
298,6
298,21
299,30
299,134
300,6
300,24
302,37
303,60
304,4
304,29
305,240
306,229
307,14
307,27
308,24
309,15
310,43
310,46
311,6
311,36
312,1
313,24
313,116
313,2
314,21
314,6
315,237
315,13
316,149
317,5
318,21
318,6
319,39
320,107
321,65
322,6
323,43
323,46
324,66
327,21
327,6
328,5
329,4
331,46
331,37
333,6
334,50
334,5
334,6
336,370
338,15
339,6
339,21
340,19
341,104
342,42
342,21
343,42
344,19
345,370
346,6
347,37
347,42
348,246
349,5
351,37
352,15
352,13
355,21
355,6
356,180
357,149
358,39
358,44
359,42
360,26
361,237
362,15
363,21
363,65
364,5
365,4
365,13
366,69
367,69
368,71
368,4
369,370
370,19
371,6
372,26
372,6
375,180
377,21
377,43
377,6
379,19
380,21
380,6
381,5
382,37
383,69
384,370
386,4
387,39
387,24
388,39
388,24
389,39
389,24
390,44
391,107
391,246
392,6
392,16
393,107
393,6
395,109
396,4
397,24
398,107
400,107
400,15
401,19
403,15
404,29
408,104
414,21
414,6
416,4
420,21
420,6
424,21
427,4
433,4
435,6
436,229
436,116
436,30
437,34
437,66
439,19
441,3
444,74
445,237
445,4
446,21
447,237
447,6
448,34
453,370
456,57
457,93
458,4
459,475
459,6
459,107
459,24
460,4
462,6
465,6
466,19
467,21
467,6
469,4
470,93
470,74
471,30
472,74
473,4
474,60
475,69
476,36
476,6
477,46
477,6
478,180
479,21
480,44
480,60
480,501
480,39
480,3
480,15
481,134
481,30
482,20
482,6
483,509
484,237
484,4
485,97
486,3
486,38
487,5
488,6
488,37
488,46
489,43
489,46
490,6
490,24
492,6
493,6
493,21
494,38
495,237
496,6
497,24
498,21
498,6
499,69
499,38
499,134
500,237
501,46
502,65
503,42
503,46
504,14
504,66
505,20
505,6
506,544
507,311
507,15
508,43
508,46
509,19
510,43
510,46
511,19
512,65
513,60
514,4
514,237
515,65
516,101
517,24
517,21
519,561
519,4
520,5
521,16
522,46
522,37
523,104
524,71
525,46
525,6
526,46
527,19
528,46
528,6
528,34
529,65
530,104
531,71
532,5
533,5
534,19
535,14
535,50
535,5
535,134
536,21
536,6
537,26
538,24
538,34
539,5
540,24
540,34
541,26
542,116
543,6
544,26
545,5
545,4
546,21
548,6
548,21
549,66
549,4
550,237
550,14
551,16
552,34
552,21
552,6
555,237
556,71
557,4
557,561
558,4
559,38
559,5
560,116
560,34
561,36
561,621
561,208
562,44
562,39
563,44
564,69
565,21
566,237
568,42
570,13
571,20
571,237
571,4
572,4
573,97
573,4
574,6
574,34
574,21
575,640
576,50
579,21
579,6
580,5
581,15
582,5
583,46
583,37
586,42
587,74
588,229
589,46
590,180
590,116
591,134
593,4
593,21
593,6
595,74
597,107
598,208
598,5
599,50
601,4
602,42
603,5
604,42
605,4
606,4
607,71
608,21
608,122
609,544
612,4
613,6
614,21
614,6
615,19
617,370
619,1
621,116
621,229
622,15
622,107
623,6
625,208
628,6
631,43
631,46
632,6
633,97
636,21
636,6
638,6
639,501
640,19
641,101
642,19
643,1
644,6
644,21
645,15
646,21
647,237
651,38
651,37
654,19
655,44
655,6
656,6
656,21
657,21
657,6
658,185
659,38
660,39
660,13
662,24
663,4
668,43
668,2
669,4
669,237
670,29
671,29
672,46
674,9
675,237
675,53
676,19
677,212
677,43
677,2
678,24
679,4
680,6
681,6
682,26
683,46
686,43
686,208
686,5
688,6
690,6
691,6
691,24
692,5
693,21
693,6
694,6
696,26
696,46
697,6
697,21
698,46
699,1
699,34
701,5
701,208
703,6
703,21
705,19
707,116
707,69
708,5
708,6
711,104
714,15
715,9
716,6
717,9
719,9
720,16
721,19
722,21
722,34
723,6
723,21
724,237
725,24
726,104
727,34
728,9
729,116
730,1
732,19
733,6
738,640
739,24
741,34
741,5
742,5
743,21
744,104
745,19
747,311
749,44
751,15
752,43
752,46
753,180
754,14
754,311
755,37
755,9
756,66
756,237
757,39
757,240
758,21
760,208
761,6
762,19
764,66
765,6
766,69
769,104
770,57
771,212
771,43
771,42
772,69
773,19
774,46
774,43
775,42
776,20
776,39
776,71
776,97
777,9
778,6
778,475
779,36
779,26
780,1
781,4
782,65
782,66
783,4
784,65
785,42
786,6
787,34
787,21
788,19
789,21
789,6
790,6
790,21
791,6
791,21
792,34
793,15
794,24
794,19
796,9
797,39
797,24
799,107
800,34
800,74
800,14
801,1
803,3
804,6
804,20
805,19
806,185
807,6
807,20
808,104
809,122
810,53
811,30
812,4
813,9
814,66
815,109
815,880
815,14
816,19
817,208
817,43
818,27
818,97
819,26
819,149
820,46
820,6
821,30
822,93
824,370
825,6
825,21
826,34
827,60
828,26
829,53
832,6
833,65
833,2
834,65
835,370
836,5
837,44
837,15
839,237
839,6
840,19
841,37
842,5
843,237
844,42
845,24
845,13
845,116
848,26
849,5
850,15
850,311
854,185
855,159
857,21
858,21
858,6
859,107
860,237
860,4
861,5
861,4
862,50
863,50
864,104
865,4
866,6
867,4
868,24
869,4
870,30
871,4
872,26
872,69
873,9
873,13
874,24
875,42
877,6
878,19
879,2
879,27
880,65
881,19
882,29
884,4
885,6
888,6
889,9
891,19
892,208
892,97
893,6
897,97
900,26
900,69
902,69
903,53
903,24
907,38
907,26
908,19
909,24
910,8
913,5
914,15
915,19
917,101
918,13
919,9
920,4
921,4
922,6
924,4
925,225
927,19
929,21
929,6
931,6
936,5
938,370
939,26
939,6
940,6
942,53
944,24
946,4
947,30
948,69
949,4
950,19
951,69
952,69
953,370
954,34
955,240
955,26
955,13
956,159
956,116
956,14
956,66
958,21
958,6
962,19
963,21
963,6
967,26
968,185
969,104
971,237
972,46
972,37
973,370
975,5
976,4
977,6
977,24
980,19
981,159
981,116
981,14
981,66
982,21
982,34
983,43
983,46
984,185
984,4
985,6
985,21
986,14
986,2
986,134
987,38
987,37
992,60
993,39
994,26
994,6
994,21
995,19
996,104
1002,107
1003,21
1003,6
1005,21
1005,6
1006,34
1006,46
1007,104
1008,4
1009,116
1009,14
1009,66
1009,159
1010,149
1012,19
1013,180
1014,42
1015,46
1017,29
1018,39
1020,6
1020,97
1020,26
1021,225
1022,237
1023,19
1024,107
1025,6
1026,4
1027,50
1028,29
1030,21
1031,9
1034,9
1035,69
1036,19
1037,26
1038,4
1039,6
1039,21
1039,43
1040,26
1041,5
1042,34
1042,14
1043,69
1043,53
1044,39
1044,65
1045,149
1046,74
1047,6
1047,21
1050,180
1051,66
1052,561
1052,30
1052,65
1054,6
1055,19
1056,5
1057,65
1058,21
1058,6
1060,24
1061,116
1064,29
1064,4
1068,44
1069,4
1070,60
1070,29
1072,509
1072,6
1074,134
1075,185
1076,180
1077,180
1078,180
1079,24
1080,149
1081,26
1081,6
1082,29
1083,4
1084,107
1085,19
1085,20
1087,4
1089,46
1090,46
1090,37
1091,71
1091,20
1091,53
1092,5
1093,43
1093,2
1094,5
1095,4
1095,29
1096,97
1097,116
1097,229
1099,6
1100,42
1101,3
1101,65
1102,225
1104,13
1104,107
1104,15
1105,501
1105,69
1107,6
1108,66
1108,4
1109,42
1111,65
1112,8
1113,880
1115,24
1116,20
1116,4
1117,39
1118,122
1119,16
1120,27
1120,561
1121,44
1121,60
1121,501
1121,39
1121,3
1121,15
1122,5
1123,37
1125,97
1126,640
1127,19
1129,149
1129,57
1130,43
1130,46
1131,4
1131,76
1131,20
1132,185
1133,21
1133,6
1134,37
1134,6
1136,101
1137,21
1137,6
1140,104
1141,185
1142,6
1144,208
1144,16
1145,6
1146,21
1147,4
1148,6
1148,107
1149,26
1150,149
1151,66
1153,39
1154,46
1154,6
1155,19
1156,69
1157,21
1157,6
1158,19
1160,15
1160,13
1161,561
1161,24
1162,149
1162,24
1163,107
1163,15
1164,6
1166,9
1167,8
1168,38
1168,5
1168,50
1169,1243
1169,6
1170,237
1171,19
1173,53
1174,6
1175,6
1176,69
1178,4
1179,4
1181,116
1181,501
1182,19
1183,8
1184,93
1185,9
1186,71
1187,21
1187,6
1189,29
1190,15
1191,21
1191,6
1192,4
1192,311
1194,880
1194,15
1195,21
1195,6
1196,5
1196,46
1197,5
1198,6
1198,21
1199,65
1200,6
1201,5
1201,26
1202,21
1202,26
1202,6
1203,38
1203,5
1205,42
1206,1
1208,44
1209,6
1210,46
1210,6
1212,116
1214,21
1214,6
1216,1295
1218,30
1221,4
1224,116
1224,229
1226,6
1227,69
1227,26
1228,185
1229,107
1230,13
1230,116
1230,311
1230,2
1232,19
1232,6
1233,13
1233,15
1234,50
1235,42
1237,14
1237,34
1238,69
1239,6
1240,26
1241,19
1242,53
1243,501
1243,69
1246,5
1248,1243
1249,66
1251,6
1252,104
1253,116
1254,4
1255,4
1256,149
1258,13
1259,6
1259,237
1260,21
1260,6
1262,66
1264,6
1264,34
1265,370
1266,26
1268,5
1269,4
1270,149
1271,36
1273,21
1275,19
1276,4
1277,69
1278,19
1280,4
1281,561
1282,6
1285,66
1289,93
1292,29
1293,9
1298,69
1299,4
1301,19
1302,4
1303,44
1304,15
1307,101
1307,26
1308,4
1310,14
1314,21
1314,6
1317,9
1318,5
1320,53
1321,501
1323,39
1324,6
1324,501
1324,36
1324,37
1325,21
1325,240
1326,19
1328,15
1329,69
1334,43
1334,46
1336,4
1337,74
1340,1
1343,36
1344,15
1346,4
1349,311
1350,101
1351,21
1352,4
1353,5
1354,3
1354,240
1355,9
1356,4
1358,4
1360,4
1361,24
1361,4
1363,4
1364,4
1365,44
1366,19
1367,1
1368,9
1371,4
1374,4
1378,46
1378,101
1379,6
1380,9
1381,21
1381,6
1382,60
1383,109
1384,97
1386,116
1388,116
1388,13
1391,6
1392,21
1394,6
1394,26
1397,21
1397,6
1399,4
1400,149
1400,561
1402,149
1403,4
1404,6
1405,149
1405,4
1406,4
1407,104
1408,19
1409,212
1410,116
1410,2
1412,6
1414,4
1415,6
1418,6
1418,21
1418,43
1419,4
1420,21
1421,38
1422,21
1422,6
1423,6
1423,21
1423,26
1424,101
1424,36
1425,370
1426,9
1426,212
1429,26
1430,4
1431,8
1432,19
1433,107
1435,60
1436,15
1438,19
1439,4
1440,26
1440,46
1441,26
1441,46
1442,44
1442,240
1442,15
1442,39
1444,46
1446,34
1447,4
1447,38
1448,34
1449,19
1454,101
1456,544
1459,237
1460,74
1461,21
1461,6
1463,104
1464,104
1466,104
1467,21
1467,6
1469,237
1471,60
1471,2
1472,14
1473,4
1473,311
1474,14
1477,74
1480,185
1481,6
1481,21
1482,39
1483,29
1484,29
1485,2
1485,15
1487,116
1488,16
1489,104
1490,66
1490,159
1490,116
1490,14
1492,1522
1492,5
1492,237
1494,225
1495,97
1496,9
1497,21
1497,6
1498,9
1499,97
1500,4
1500,212
1501,1
1501,4
1502,122
1503,13
1504,26
1505,4
1506,134
1506,14
1506,2
1507,34
1508,4
1509,6
1509,21
1509,43
1510,237
1510,53
1511,69
1512,69
1513,97
1513,37
1514,24
1515,37
1516,21
1516,24
1516,107
1518,60
1521,561
1521,21
1521,65
1522,6
1522,37
1523,16
1524,19
1525,107
1525,6
1528,5
1528,34
1529,5
1531,6
1531,34
1532,53
1533,5
1533,6
1536,4
1537,122
1538,6
1539,19
1540,19
1541,6
1542,2
1542,16
1543,43
1543,46
1544,237
1545,39
1546,26
1547,4
1547,237
1548,6
1548,21
1549,16
1550,24
1551,6
1552,122
1552,21
1554,1
1555,1
1556,6
1557,19
1558,116
1559,21
1559,6
1560,21
1562,24
1565,21
1565,6
1566,19
1567,13
1569,5
1569,4
1570,21
1570,6
1571,8
1572,69
1573,69
1574,237
1575,65
1576,180
1577,4
1579,4
1580,71
1580,16
1581,21
1581,43
1581,6
1583,9
1583,37
1585,5
1586,69
1586,26
1587,4
1591,37
1592,6
1593,16
1594,19
1596,71
1597,6
1598,225
1599,66
1599,237
1600,6
1601,509
1602,26
1603,14
1603,66
1604,19
1605,370
1606,69
1607,37
1608,53
1609,16
1610,21
1610,6
1611,69
1611,38
1611,134
1612,24
1613,42
1613,69
1614,60
1615,65
1617,69
1618,8
1619,3
1620,37
1621,240
1622,5
1622,34
1623,65
1623,14
1624,5
1625,21
1626,37
1626,65
1627,4
1628,46
1628,6
1629,2
1630,13
1631,6
1632,19
1633,43
1633,46
1633,6
1634,149
1635,4
1635,116
1637,4
1638,24
1640,6
1640,475
1641,38
1641,134
1641,69
1642,26
1644,74
1645,4
1646,15
1646,29
1648,42
1648,16
1649,69
1650,5
1650,46
1651,66
1652,57
1653,6
1653,21
1654,66
1655,4
1656,1714
1656,19
1657,46
1657,6
1657,16
1658,370
1659,5
1662,39
1662,13
1663,501
1664,6
1665,42
1665,9
1665,159
1666,4
1667,225
1670,27
1671,15
1672,6
1672,21
1673,4
1674,19
1675,208
1675,43
1676,24
1676,19
1678,212
1678,46
1680,4
1681,15
1682,66
1682,14
1683,4
1684,5
1686,240
1687,149
1687,4
1687,13
1688,69
1689,69
1690,3
1691,71
1691,6
1692,21
1692,6
1694,6
1695,37
1697,116
1697,149
1698,53
1699,53
1700,53
1701,69
1702,6
1703,4
1704,6
1706,69
1708,93
1709,50
1711,621
1711,208
1711,69
1712,69
1713,6
1714,21
1714,6
1715,97
1716,1
1717,4
1718,4
1718,29
1718,561
1723,21
1723,6
1724,66
1725,20
1726,237
1727,93
1728,53
1729,53
1732,69
1734,225
1735,4
1736,237
1737,6
1737,15
1738,180
1739,6
1739,15
1740,38
1740,69
1741,69
1741,38
1742,4
1743,34
1745,93
1747,21
1747,6
1748,69
1750,26
1751,26
1752,237
1752,38
1753,5
1755,69
1757,311
1757,4
1758,66
1759,66
1759,4
1760,229
1760,116
1760,16
1761,237
1762,42
1763,42
1764,42
1765,42
1766,237
1766,19
1767,6
1769,6
1769,21
1770,509
1773,6
1774,1839
1775,4
1776,208
1777,13
1777,208
1777,116
1779,208
1780,5
1781,26
1782,134
1782,13
1782,29
1783,27
1787,149
1788,5
1789,4
1790,34
1791,19
1793,69
1794,21
1794,6
1796,15
1797,237
1797,57
1798,57
1801,26
1802,5
1803,13
1804,5
1807,4
1809,26
1812,19
1813,69
1815,4
1816,19
1817,4
1820,19
1824,4
1826,1
1827,69
1828,116
1830,6
1833,24
1837,9
1838,74
1839,15
1840,4
1841,43
1843,4
1844,19
1846,225
1847,4
1848,50
1849,149
1853,4
1856,4
1858,50
1858,65
1859,225
1860,149
1862,65
1862,5
1869,21
1869,6
1871,4
1872,6
1874,65
1875,19
1876,19
1877,19
1878,19
1879,19
1880,46
1881,19
1883,19
1884,6
1885,237
1886,237
1887,57
1888,69
1891,38
1891,5
1892,4
1892,26
1893,26
1893,69
1894,69
1895,93
1896,237
1899,13
1899,6
1899,37
1901,4
1901,13
1901,29
1902,149
1902,24
1903,15
1903,107
1907,5
1908,19
1909,501
1910,69
1914,6
1914,97
1914,21
1915,225
1918,37
1919,5
1920,4
1921,101
1922,19
1923,5
1924,36
1925,6
1927,65
1928,225
1929,4
1930,9
1931,60
1931,21
1931,4
1933,237
1934,6
1935,30
1938,4
1939,19
1940,19
1941,9
1942,15
1944,4
1944,237
1945,69
1946,19
1948,19
1949,107
1950,19
1951,4
1952,4
1953,6
1954,19
1955,149
1956,4
1957,26
1958,561
1958,13
1959,26
1959,180
1960,212
1961,66
1962,21
1963,1
1964,19
1966,9
1970,4
1972,53
1973,149
1974,19
1975,1
1977,60
1978,13
1978,6
1978,37
1979,69
1979,4
1980,24
1981,4
1982,6
1983,104
1984,4
1985,69
1986,4
1990,53
1991,4
1991,24
1994,6
2740,19
1997,4
1998,4
1999,4
2000,149
2003,107
2003,15
2005,5
2007,4
2009,208
2010,4
2012,4
2013,149
2014,46
2014,208
2015,5
2016,4
2016,237
2017,237
2017,4
2018,149
2019,149
2021,1
2022,39
2022,37
2023,116
2023,29
2024,6
2025,24
2026,4
2028,9
2030,43
2030,101
2031,116
2036,6
2036,237
2037,116
2038,74
2042,43
2042,237
2042,53
2042,180
2042,39
2042,93
2042,38
2042,1295
2043,370
2044,19
2045,21
2046,4
2047,21
2047,6
2049,60
2050,225
2054,6
2055,38
2055,37
2056,4
2057,37
2057,53
2058,5
2058,208
2059,104
2060,6
2063,3
2065,26
2066,9
2067,60
2068,1
2069,21
2069,6
2070,225
2071,21
2071,6
2073,212
2073,4
2074,21
2074,6
2075,149
2079,4
2080,14
2082,4
2085,46
2086,14
2087,46
2089,116
2089,13
2091,76
2092,185
2093,4
2096,159
2097,6
2097,97
2098,6
2098,97
2099,1
2099,34
2100,4
2102,6
2102,185
2106,44
2108,1
2109,4
2110,14
2110,6
2111,44
2111,13
2111,39
2112,50
2113,21
2113,6
2114,6
2114,66
2115,4
2117,4
2118,116
2118,2
2122,15
2125,26
2126,370
2127,4
2128,107
2129,104
2130,104
2131,6
2132,2
2132,43
2132,46
2134,69
2135,237
2135,4
2136,44
2137,66
2138,5
2139,185
2140,3
2141,97
2142,46
2142,6
2142,20
2144,26
2145,24
2146,13
2146,2
2146,311
2146,24
2147,20
2148,26
2149,5
2150,39
2152,66
2153,19
2154,185
2155,4
2156,229
2157,229
2158,6
2158,46
2159,4
2160,26
2160,46
2161,14
2162,46
2162,6
2163,149
2164,5
2167,2
2169,21
2169,65
2171,21
2171,24
2172,6
2173,9
2174,9
2175,53
2176,9
2176,37
2177,9
2177,37
2178,208
2178,36
2178,26
2179,97
2180,66
2180,4
2182,6
2184,19
2187,4
2188,69
2189,69
2191,4
2191,237
2192,60
2192,21
2193,65
2195,53
2197,1
2198,4
2200,15
2201,69
2202,5
2206,53
2208,74
2208,237
2211,66
2212,1295
2213,4
2213,311
2214,26
2217,14
2217,34
2218,159
2218,66
2219,27
2219,6
2220,1
2221,60
2221,6
2223,4
2224,149
2225,1
2226,5
2228,14
2228,16
2228,4
2231,370
2234,76
2235,93
2236,6
2236,21
2236,26
2237,101
2237,46
2238,880
2242,46
2243,65
2243,26
2246,26
2248,20
2249,24
2250,4
2251,6
2252,4
2255,6
2256,69
2257,21
2258,237
2259,6
2260,4
2260,39
2260,53
2263,65
2263,14
2264,16
2265,16
2266,6
2266,21
2267,185
2269,65
2270,21
2270,6
2273,46
2273,5
2275,185
2276,19
2277,19
2278,6
2279,6
2280,4
2281,4
2282,24
2282,2286
2282,6
2283,1
2284,69
2285,69
2286,6
2286,21
2287,1
2288,74
2289,50
2289,14
2290,69
2292,60
2293,46
2293,6
2294,65
2295,6
2296,16
2300,4
2301,4
2301,237
2303,66
2303,6
2304,4
2305,1
2306,46
2307,19
2308,19
2309,4
2310,4
2310,237
2311,6
2311,21
2312,34
2312,14
2313,16
2313,37
2314,9
2315,26
2316,26
2318,4
2321,4
2322,50
2323,208
2324,4
2324,237
2325,21
2325,6
2326,15
2327,4
2327,16
2328,6
2330,501
2331,97
2332,237
2332,24
2333,19
2334,1
2336,39
2337,21
2337,6
2338,24
2341,66
2341,4
2342,237
2343,561
2343,149
2344,19
2345,4
2346,4
2347,149
2348,6
2348,46
2349,20
2350,24
2350,26
2351,16
2352,97
2352,6
2353,19
2354,42
2355,122
2356,1
2357,42
2357,16
2358,6
2358,21
2359,6
2360,6
2363,97
2364,42
2364,37
2366,4
2366,69
2367,1
2368,19
2370,6
2370,21
2371,34
2371,50
2372,46
2373,4
2374,4
2374,66
2375,6
2375,4
2376,6
2377,3
2378,69
2380,9
2381,19
2382,5
2383,65
2383,561
2384,21
2385,26
2386,15
2387,4
2388,4
2389,71
2390,4
2391,4
2392,5
2392,46
2393,4
2394,46
2394,39
2395,19
2396,4
2397,237
2397,74
2398,237
2398,8
2399,37
2399,46
2399,6
2399,212
2400,208
2400,36
2400,26
2401,6
2401,97
2402,26
2403,16
2404,44
2404,9
2404,2
2404,30
2405,5
2406,180
2407,185
2407,6
2408,19
2409,42
2409,16
2410,38
2410,134
2410,69
2411,208
2411,43
2413,237
2414,104
2415,69
2417,6
2418,4
2418,6
2419,4
2419,6
2420,4
2420,6
2421,15
2422,46
2423,42
2424,69
2424,6
2425,5
2426,60
2427,19
2428,34
2429,5
2429,16
2430,34
2431,16
2432,4
2432,237
2433,53
2434,42
2437,6
2438,225
2438,97
2439,4
2440,42
2440,37
2441,561
2441,107
2441,97
2442,97
2442,6
2443,53
2443,4
2444,46
2444,6
2445,6
2446,2489
2447,3
2448,42
2449,37
2449,42
2450,149
2451,26
2451,57
2452,21
2452,6
2453,24
2454,46
2455,19
2456,6
2456,509
2456,24
2456,44
2458,16
2461,69
2461,26
2462,66
2462,159
2463,208
2464,46
2465,69
2466,38
2467,208
2468,3
2468,134
2469,20
2472,39
2472,15
2473,4
2473,237
2474,9
2474,640
2475,69
2476,4
2478,19
2479,4
2480,19
2481,34
2481,237
2482,5
2483,4
2485,9
2486,66
2486,4
2488,6
2488,4
2489,50
2491,4
2491,237
2493,16
2495,3
2496,46
2497,4
2497,57
2498,880
2498,39
2499,180
2501,34
2501,46
2502,6
2503,9
2504,16
2505,237
2509,26
2511,19
2512,6
2512,4
2513,42
2514,34
2515,237
2515,107
2515,20
2516,15
2517,149
2517,13
2518,19
2519,149
2520,20
2521,4
2522,19
2523,71
2525,5
2532,26
2532,37
2533,66
2533,34
2534,544
2535,229
2535,116
2536,3
2537,4
2537,237
2538,74
2540,69
2541,237
2542,19
2547,19
2548,14
2548,74
2551,159
2551,14
2552,69
2553,6
2553,97
2553,475
2555,74
2555,4
2556,237
2556,4
2556,1522
2558,50
2562,53
2563,237
2564,37
2565,26
2567,71
2568,122
2568,21
2570,6
2570,46
2571,6
2575,46
2575,6
2575,42
2576,24
2576,53
2577,6
2577,208
2577,43
2578,6
2578,21
2579,42
2582,34
2583,42
2584,65
2584,116
2585,38
2585,69
2586,5
2589,1522
2591,26
2592,475
2592,107
2593,16
2594,44
2595,71
2596,1243
2596,21
2596,6
2597,16
2597,53
2602,6
2602,15
2603,50
2603,5
2604,4
2605,69
2606,4
2607,237
2610,134
2611,134
2611,65
2613,38
2615,237
2616,122
2617,15
2618,5
2619,26
2620,4
2622,4
2623,3
2624,237
2625,1
2626,16
2627,237
2628,34
2628,116
2630,237
2630,4
2631,66
2631,4
2632,69
2633,6
2633,1839
2635,149
2636,21
2636,6
2637,69
2639,19
2640,208
2640,621
2641,6
2642,6
2643,509
2644,4
2645,19
2646,19
2647,42
2648,65
2649,4
2650,66
2651,4
2652,4
2653,5
2653,208
2654,208
2654,116
2654,13
2655,34
2656,21
2657,19
2658,21
2658,6
2659,4
2662,60
2665,5
2666,5
2667,69
2668,53
2669,21
2669,6
2671,6
2671,15
2672,15
2672,6
2673,6
2673,15
2677,57
2679,4
2681,6
2682,44
2683,19
2684,50
2684,237
2685,4
2685,237
2686,4
2686,237
2687,1295
2689,44
2689,39
2690,19
2690,53
2691,44
2691,39
2694,4
2697,149
2702,26
2704,39
2704,44
2706,237
2706,4
2707,19
2708,65
2711,149
2712,149
2713,69
2715,46
2715,71
2716,1243
2716,21
2716,6
2717,34
2718,5
2718,6
2719,30
2719,134
2720,6
2721,237
2724,66
2725,5
2725,38
2727,149
2728,19
2729,19
2730,19
2733,149
2734,37
2736,101
2742,19
2743,19
2744,180
2747,6
2747,21
2747,43
2748,370
2750,8
2752,149
2753,69
2756,5
2758,21
2758,6
2760,66
2761,69
2762,149
2763,6
2764,97
2769,6
2771,6
2776,46
2780,6
2780,71
2780,21
2781,19
2782,97
2783,6
2785,6
2786,69
2786,20
2792,185
2793,69
2794,1
2797,180
2798,24
2798,149
2801,4
2802,93
2803,43
2803,6
2803,21
2805,1295
2806,1295
2806,2
2807,4
2809,4
2810,4
2810,29
2811,21
2812,225
2813,101
2814,6
2815,4
2815,66
2816,66
2817,4
2818,4
2819,19
2820,4
2820,149
2821,74
2822,4
2824,26
2825,5
2826,26
2828,19
2829,4
2830,26
2830,1
2831,1
2832,69
2833,21
2834,6
2834,26
2835,159
2836,34
2836,14
2837,5
2837,74
2837,15
2838,19
2847,4
2847,6
2850,26
2855,26
2856,6
2857,4
2858,208
2858,43
2860,4
2860,237
2861,3
2863,60
2864,4
2865,311
2865,4
2866,21
2867,6
2868,60
2868,21
2869,107
2870,14
2871,6
2873,2489
2877,19
2878,19
2879,19
2880,46
2880,6
2881,19
2883,19
2886,5
2886,76
2887,6
2888,21
2889,4
2890,1
2895,225
2896,19
2897,237
2898,237
2899,237
2900,237
2902,27
2902,97
2903,44
2904,5
2905,19
2906,19
2907,19
2908,240
2908,9
2909,93
2911,4
2913,19
2914,109
2917,4
2918,6
2919,1
2920,4
2921,6
2921,21
2922,21
2925,370
2926,4
2928,21
2928,6
2930,9
2931,237
2932,237
2933,237
2934,237
2935,6
2935,21
2935,43
2936,561
2936,21
2936,65
2938,43
2939,65
2939,24
2941,880
2943,149
2944,4
2945,2
2946,65
2947,46
2947,43
2950,104
2952,6
2954,4
2955,6
2956,74
2957,21
2958,66
2958,6
2959,6
2959,26
2960,4
2962,19
2963,44
2965,93
2965,53
2966,5
2967,69
2967,26
2968,4
2968,237
2970,4
2970,237
2971,4
2971,237
2972,21
2973,19
2974,101
2975,101
2976,27
2977,6
2978,15
2978,65
2979,26
2980,5
2982,38
2982,39
2983,19
2985,19
2986,36
2987,225
2988,44
2988,116
2989,34
2990,6
2990,20
2991,208
2992,4
2992,109
2993,225
2994,225
2997,6
2999,6
3002,19
3003,5
3004,14
3004,65
3004,38
3004,109
3005,65
3006,19
3008,69
3011,237
3012,237
3013,4
3014,38
3014,50
3015,4
3016,15
3017,4
3018,4
3018,237
3019,60
3020,6
3021,36
3022,24
3023,44
3025,21
3025,6
3026,19
3027,21
3027,6
3030,6
3030,43
3031,26
3033,53
3035,2
3036,14
3036,34
3039,212
3040,6
3044,97
3045,6
3046,29
3046,4
3047,69
3048,69
3050,101
3051,65
3054,4
3055,4
3056,370
3057,4
3058,237
3059,19
3062,4
3063,6
3064,4
3065,6
3066,4
3067,6
3068,6
3068,4
3069,19
3070,19
3071,149
3076,6
3080,509
3080,5
3082,74
3084,50
3085,4
3085,6
3086,4
3087,19
3088,21
3088,6
3090,1295
3091,1
3092,6
3093,46
3093,6
3093,43
3094,116
3095,15
3096,15
3104,149
3105,19
3114,53
3119,6
3120,6
3122,24
3126,4
3131,4
3132,19
3133,69
3134,19
3135,4
3135,6
3136,65
3138,19
3139,149
3140,39
3141,246
3141,5
3142,225
3145,370
3146,107
3146,15
3147,4
3148,4
3148,109
3150,6
3151,34
3151,116
3152,19
3153,5
3154,101
3156,9
3156,4
3158,60
3163,212
3163,6
3164,14
3165,13
3166,97
4752,66
3168,5
3170,26
3170,6
3170,21
3171,15
3172,185
2167,19
3174,15
3180,19
3182,1295
3186,1295
3187,180
3190,4
3191,6
3191,21
3191,43
3192,6
3193,149
3194,69
3197,4
3199,4
3202,21
3202,6
3204,225
3206,4
3207,38
3208,101
3209,212
3213,6
3213,21
3215,116
3215,5
3215,208
3216,4
3217,6
3217,208
3218,34
3218,109
3219,6
3219,208
3220,4
3222,24
3224,2
3228,21
3228,24
3232,237
3233,4
3234,208
3234,6
3234,5
3234,185
3234,93
3235,15
3237,29
3242,21
3242,26
3242,6
3243,237
3244,19
3245,4
3246,225
3247,4
3249,159
3250,6
3250,21
3251,4
3252,237
3253,4
3254,19
3255,26
3255,149
3257,15
3258,107
3259,24
3259,21
3260,4
3260,237
3261,237
3262,237
3262,4
3263,4
3264,19
3265,19
3266,65
3266,15
3267,4
3269,4
3270,24
3271,225
3272,4
3272,26
3273,26
3274,60
3275,2
3275,27
3280,44
3281,6
3282,180
3283,180
3284,509
3285,237
3288,149
3289,46
3289,21
3290,134
3291,4
3292,107
3293,69
3294,5
3295,1
3297,1
3301,4
3301,109
3302,34
3302,6
3311,4
3313,6
3313,21
3314,4
3315,26
3316,46
3318,1
3318,6
3319,46
3320,46
3322,6
3322,15
3323,46
3323,37
3325,208
3326,43
3326,180
3327,6
3328,4
3329,24
3333,4
3334,4
3335,6
3335,21
3336,57
3337,21
3337,6
3338,21
3338,6
3342,24
3343,69
3347,509
3348,4
3349,240
3349,9
3350,60
3352,4
3353,26
3354,4
3359,65
3359,21
3360,19
3361,370
3362,370
3363,149
3364,6
3364,37
3365,15
3366,21
3367,21
3367,6
3370,21
3370,6
3372,37
3372,6
3373,39
3373,24
3374,6
3375,237
3376,6
3378,24
3378,208
3379,24
3380,4
3380,66
3381,6
3381,14
3381,21
3381,34
3382,27
3383,14
3383,1
3385,24
3389,6
3392,14
3392,34
3392,46
3394,15
3395,6
3396,4
3398,29
3399,43
3399,34
3401,5
3403,66
3403,6
3408,76
3409,180
3410,1
3411,65
3413,101
3414,21
3414,6
3417,14
3417,1
3418,24
3418,19
3419,37
3419,69
3420,21
3420,6
3421,4
3422,19
3423,69
3424,19
3425,185
3426,19
3427,26
3428,4
3429,97
3430,50
3430,5
3432,101
3434,43
3435,134
3435,240
3435,14
3435,5
3436,104
3437,29
3437,2
3443,39
3445,6
3445,21
3446,5
3447,53
3448,4
3448,93
3449,46
3452,19
3454,4
3455,4
3456,9
3457,60
3458,21
3458,159
3459,19
3460,4
3461,19
3462,34
3463,5
3464,134
3465,2
3465,501
3465,30
3466,4
3466,237
3467,24
3469,57
3469,74
3470,229
3470,116
3470,2
3471,21
3471,6
3473,38
3474,6
3475,21
3475,6
3479,370
3481,26
3481,4
3482,65
3483,4
3483,311
3485,6
3485,97
3486,24
3487,38
3489,46
3490,1
3492,46
3494,1
3496,5
3497,5
3498,19
3499,38
3500,21
3500,6
3501,21
3501,159
3502,370
3503,24
3504,4
3507,4
3508,6
3508,97
3509,26
3509,50
3510,21
3511,66
3511,14
3511,13
3512,509
3512,46
3513,65
3514,19
3515,21
3516,26
3516,21
3519,149
3522,880
3525,149
3527,26
3528,6
3528,19
3529,9
3531,74
3534,237
3535,237
3536,14
3536,50
3542,4
3544,237
3544,180
3545,21
3546,37
3547,237
3548,53
3548,4
3549,6
3549,21
3550,5
3551,14
3552,46
3553,180
3554,4
3555,74
3556,60
3557,4
3558,39
3559,6
3560,4
3561,50
3561,5
3562,4
3563,9
3563,43
3565,104
3566,60
3567,6
3567,20
3569,4
3570,6
3571,109
3572,65
3572,53
3572,2
3573,97
3573,27
3575,50
3576,4
3578,4
3579,4
3580,4
3581,37
3584,60
3585,4
3588,225
3589,13
3590,29
3592,6
3592,116
3594,44
3595,134
3595,6
3597,6
3597,5
3598,159
3599,5
3600,4
3602,5
3603,3
3606,76
3607,19
3608,8
3609,74
3610,880
3611,4
3612,237
3613,4
3614,1
3615,13
3615,149
3616,34
3617,6
3618,21
3618,24
3619,26
3620,6
3622,29
3622,21
3623,27
3625,237
3625,159
3626,16
3627,34
3627,6
3629,19
3630,4
3630,1
3632,311
3632,880
3633,21
3633,6
3634,4
3635,4
3636,6
3637,4
3639,66
3639,107
3641,6
3641,21
3642,15
3643,4
3644,34
3644,180
3644,14
3645,311
3645,4
3646,15
3647,185
3648,107
3649,4
3651,39
3653,229
3654,69
3655,97
3655,6
3656,149
3658,76
3659,180
3660,4
3660,311
3661,6
3662,21
3663,4
3664,4
3664,6
3665,19
3667,4
3669,42
3670,6
3671,225
3671,370
3675,4
3679,4
3681,21
3681,6
3681,71
3683,38
3684,5
3687,229
3688,229
3689,229
3692,16
3693,9
3695,19
3696,4
3698,26
3699,6
3699,37
3699,26
3700,6
3700,107
3701,4
3702,4
3703,6
3703,5
3707,225
3708,225
3709,26
3710,60
3307,24
3307,2286
3307,6
3712,26
3712,93
3712,180
3712,66
3712,159
3713,39
3713,44
3713,159
3714,6
3714,4
3716,46
3717,5
3719,6
3719,34
3719,21
3721,69
3722,26
3722,6
3722,21
3725,26
3725,4
3726,5
3726,26
3727,21
3728,5
3728,14
3729,4
3730,46
3732,21
3732,6
3733,44
3735,53
3736,101
3736,237
3737,159
3738,97
3739,97
3741,185
3745,26
3746,69
3747,134
3748,69
3749,225
3750,4
3751,97
3752,26
3753,225
3755,4
3755,237
3756,6
3756,21
3757,46
3758,6
3758,561
3758,24
3759,65
3760,180
3761,4
3762,34
3763,29
3763,2
3763,561
3764,229
3764,116
3765,4
3766,69
3767,34
3768,34
3769,6
3770,60
3775,69
3776,69
3777,69
3778,69
3779,69
3780,60
3781,15
3781,13
3781,107
3782,180
3783,225
3784,6
3784,9
3785,6
3786,4
3787,180
3787,4
3787,237
3787,97
3788,16
3789,50
3789,5
3789,14
3791,180
3792,6
3792,21
3793,880
3794,19
3795,26
3796,69
3797,19
3799,109
3800,6
3800,5
3801,101
3802,46
3802,6
3803,21
3803,134
3804,97
3805,53
3806,5
3808,69
3809,21
3810,24
3811,66
3811,65
3812,46
3812,6
3813,19
3814,34
3815,26
3816,14
3816,501
3817,185
3817,4
3818,6
3819,6
3820,53
3821,6
3822,38
3822,37
3823,46
3830,21
3830,6
3831,149
3831,180
3832,9
3833,26
3833,6
3833,21
3835,9
3835,43
3836,42
3839,46
3841,185
3841,6
3842,71
3843,26
3844,4
3844,66
3846,65
3847,159
3849,240
3850,24
3850,4
3854,26
3857,149
3857,29
3858,4
3859,4
3860,6
3861,6
3861,4
3862,29
3864,21
3864,43
3864,6
3865,561
3866,4
3867,29
3867,4
3868,26
3869,6
3869,21
3870,104
3871,26
3874,185
3876,5
3877,370
3879,6
3879,71
3879,21
3880,6
3880,116
3881,509
3882,561
3882,44
3882,475
3883,19
3885,16
3887,97
3887,475
3887,6
3888,6
3888,21
3889,27
3889,149
3889,29
3890,15
3891,69
3893,246
3894,30
3894,65
3895,4
3895,149
3897,14
3899,4
3900,71
3900,6
3902,159
3902,66
3903,6
3904,26
3906,36
3906,101
3908,4
3909,4
3910,370
3911,237
3911,4
3912,34
3913,14
3914,5
3915,6
3916,4
3917,60
3918,21
3918,6
3919,46
3919,6
3921,50
3922,180
3923,208
3923,43
3924,50
3925,65
3926,15
3927,69
3928,5
3929,19
3930,69
3931,24
3933,50
3934,24
3935,93
3938,19
3940,13
3940,237
3941,26
3942,6
3944,37
3944,561
3944,134
3945,9
3946,29
3947,53
3949,15
3950,6
3953,5
3955,104
3956,6
3958,4
3962,6
3962,21
3969,9
3971,21
3971,6
3973,26
3974,34
3974,180
3974,14
3975,6
3975,4
3975,107
3977,16
3979,5
3982,225
3983,134
3983,69
3984,6
3984,21
3985,24
3986,1295
3986,880
3986,39
3988,26
3991,38
3991,37
3992,46
3993,6
3994,30
3995,4
3996,46
3997,6
3997,21
3998,6
3999,4
4000,2489
4001,4
4003,19
4005,109
4006,4
4007,19
4008,19
4009,19
4010,225
4011,225
4012,39
4013,880
4014,185
4015,149
4016,21
4016,6
4017,26
4018,185
4019,185
4020,180
4021,21
4021,6
4022,69
4025,3
4028,6
4028,65
4029,1
4030,39
4030,44
4031,5
4032,24
4032,4
4033,4
4034,46
4036,237
4038,21
4038,6
4039,240
4040,185
4041,107
4042,24
4043,104
4044,24
4045,509
4047,6
4047,4
4048,4
4049,4
4050,4
4051,4
4052,4
4053,69
4054,1
4054,66
4054,159
4055,4
4056,69
4057,6
4057,21
4058,5
4059,501
4060,149
4060,69
4061,4
4062,6
4063,4
4063,237
4064,6
4065,237
4065,4
4066,4
4067,180
4068,4
4068,237
4069,6
4069,4
4070,4
4070,237
4071,74
4072,50
4073,4
4074,229
4075,26
4076,6
4076,21
4078,116
4080,149
4080,4
4081,4
4081,149
4083,107
4084,69
4085,34
4085,4
4086,21
4086,6
4087,24
4087,149
4088,13
4088,237
4089,46
4090,5
4091,15
4092,5
4093,5
4094,93
4095,6
4095,14
4096,475
4097,26
4098,26
4099,46
4099,6
4100,237
4100,4
4101,5
4102,20
4103,6
4104,71
4104,4
4105,34
4106,237
4107,65
4107,4
4108,21
4108,6
4109,225
4110,185
4111,4
4111,149
4112,4
4113,122
4114,116
4115,370
4116,208
4117,36
4118,208
4121,180
4123,60
4124,5
4125,229
4125,116
4126,5
4134,180
4134,53
4134,208
4136,104
4138,208
4138,42
4139,208
4140,116
4143,21
4143,6
4144,50
4147,104
4149,5
4149,34
4150,370
4151,370
4154,149
4155,21
4155,26
4155,6
4156,4
4157,37
4159,4
4160,4
4160,208
4160,66
4163,6
4163,26
4164,149
4165,6
4165,26
4166,65
4166,501
4167,6
4167,26
4168,24
4168,21
4168,6
4170,116
4171,6
4172,4
4173,65
4174,6
4174,21
4175,21
4175,6
4176,208
4176,43
4177,5
4178,39
4178,44
4179,6
4181,4
4185,3
4185,65
4186,4
4186,16
4189,71
4190,237
4190,149
4192,4
4193,4
4194,19
4195,26
4196,4
4196,237
4197,225
4198,149
4198,26
4199,4
4200,24
4200,53
4201,46
4203,225
4204,544
4205,149
4206,225
4207,370
4208,544
4209,97
4210,15
4211,57
4211,74
4212,6
4212,134
4212,21
4213,21
4213,6
4214,71
4215,26
4216,26
4217,26
4218,26
4219,69
4220,69
4221,69
4222,69
4223,6
4224,74
4226,370
4227,53
4228,53
4229,4
4231,246
4232,34
4233,4
4234,24
4234,4
4236,43
4237,6
4238,66
4241,69
4242,26
4243,19
4244,44
4245,19
4247,19
4253,57
4253,44
4254,15
4256,65
4256,134
4260,42
4261,19
4262,42
4263,34
4263,1
4264,225
4265,149
4266,4
4267,24
4267,42
4268,38
4272,149
4273,4
4274,4
4275,16
4276,50
4277,4
4278,19
4279,15
4280,180
4281,185
4282,5
4283,16
4283,71
4284,21
4285,65
4285,116
4286,3
4287,39
4288,4
4289,6
4289,21
4291,24
4292,26
4293,19
4294,50
4295,107
4297,34
4297,14
4298,240
4298,237
4299,180
4300,39
4301,46
4301,208
4302,1
4303,185
4304,42
4304,16
4305,42
4305,16
4306,13
4307,21
4307,26
4307,6
4308,225
4308,4
4308,237
4309,6
4310,5
4311,5
4312,6
4312,21
4313,2
4313,3
4313,2286
4314,149
4315,237
4316,237
4317,4
4317,237
4318,4
4318,237
4319,149
4320,6
4320,4
4321,14
4323,34
4323,4
4324,5
4325,65
4326,24
4327,69
4328,13
4328,107
4328,6
4329,57
4330,475
4331,6
4331,21
4332,53
4333,4
4333,26
4334,4
4335,69
4336,4
4336,6
4337,19
4339,97
4340,97
4340,71
4341,34
4342,19
4343,6
4343,97
4344,6
4345,4
4345,29
4346,6
4346,97
4347,46
4348,6
4349,6
4349,97
4350,4
4351,30
4351,65
4352,44
4353,6
4353,4
4354,185
4355,6
4356,6
4357,26
4358,208
4358,5
4359,43
4359,16
4359,42
4360,19
4361,134
4362,1
4363,134
4365,122
4366,21
4366,6
4367,46
4367,6
4368,107
4368,6
4370,229
4371,21
4371,6
4372,101
4372,104
4373,69
4373,37
4376,24
4378,69
4379,237
4379,4
4380,14
4380,16
4381,237
4382,4
4382,311
4383,6
4383,311
4384,39
4384,60
4385,39
4385,44
4386,37
4390,21
4390,6
4390,71
4392,46
4396,37
4397,6
4398,26
4399,42
4400,65
4400,37
4401,71
4402,509
4403,97
4404,561
4404,53
4405,15
4406,6
4406,185
4407,57
4408,185
4409,71
4410,19
4411,104
4411,6
4412,34
4412,14
4413,19
4414,39
4414,5
4415,24
4416,42
4416,16
4417,16
4417,42
4418,26
4419,16
4420,44
4420,16
4421,5
4421,26
4422,6
4423,6
4424,20
4426,134
4426,65
4427,4
4427,370
4428,6
4428,104
4429,5
4430,237
4430,4
4431,69
4432,237
4432,1295
4433,19
4433,21
4433,65
4434,21
4434,6
4435,34
4435,24
4436,225
4438,4
4439,46
4441,93
4442,19
4443,34
4444,19
4445,6
4445,21
4446,6
4446,21
4447,74
4448,225
4448,19
4449,134
4449,36
4450,42
4451,6
4452,97
4453,4
4454,3
4455,180
4456,69
4457,104
4458,208
4458,36
4459,104
4461,24
4462,208
4464,1
4465,5
4465,50
4466,69
4467,6
4753,3
4469,4
4469,237
534,3
4471,6
4471,71
4472,475
4472,24
4473,69
4474,69
4475,69
4476,69
4477,69
4478,69
4479,149
4479,475
4480,14
4480,50
4481,6
4482,5
4483,16
4483,46
4484,19
4485,34
4485,24
4486,24
4490,46
4490,6
4491,21
4491,2
4491,65
4492,30
4493,21
4493,6
4494,2
4495,21
4495,6
4495,134
4496,6
4496,71
4496,21
4497,19
4497,6
4499,37
4499,42
4501,4
4502,370
4503,19
4504,69
4505,26
4506,6
4506,1243
4506,149
4506,26
4507,4
4508,5
4509,69
4509,38
4509,134
4510,19
4511,34
4512,16
4513,1
4515,16
4516,20
4516,19
4517,149
4517,6
4517,4
4518,149
4518,6
4518,4
4519,4
4520,6
4521,4
4522,97
4523,1
4524,66
4524,14
4525,13
4525,229
4525,116
4526,2286
4526,27
4527,237
4528,69
4530,4
4530,237
4531,4
4533,509
4533,14
4533,501
4534,53
4534,880
4535,21
4538,39
4538,15
4539,107
4540,4
4540,237
4543,53
4543,69
4545,14
4545,34
4546,39
4546,44
4548,69
4549,180
4549,149
4550,149
4551,97
4552,237
4554,21
4554,6
4555,16
4555,149
4556,42
4557,26
4557,4
4557,185
4558,5
4558,14
4559,53
4560,6
4561,149
4563,97
4565,134
4565,15
4566,26
4567,69
4569,16
4569,237
4570,134
4570,14
4570,2
4571,237
4571,66
4572,237
4574,107
4574,237
4575,34
4575,16
4576,50
4577,9
4578,15
4579,60
4580,4
4581,60
4582,225
4583,225
4584,225
4585,66
4586,9
4587,21
4588,212
4588,9
4590,46
4590,34
4591,46
4591,34
4591,5
4592,225
4593,53
4594,180
4595,15
4597,69
4600,19
4602,4
4603,3
4604,42
4605,21
4606,149
4607,76
4607,4
4608,149
4609,149
4614,21
4614,6
4615,26
4616,46
4617,65
4618,15
4625,14
4627,21
4627,6
4628,621
4630,34
4634,237
4634,26
4635,237
4636,134
4636,37
4636,65
4637,237
4638,149
4638,237
4639,46
4639,6
4640,19
4641,6
4642,5
4643,34
4644,4
4646,42
4647,65
4648,5
4649,9
4650,13
4650,34
4651,50
4652,6
4653,42
4653,212
4654,21
4655,14
4656,34
4657,60
4659,21
4659,6
4660,208
4660,43
4661,149
4661,4
4662,50
4662,34
4663,24
4664,19
4665,16
4666,509
4666,5
4667,208
4668,15
4669,5
4670,370
4671,225
4672,4
4673,50
4676,16
4677,46
4677,6
4681,42
4683,208
4684,34
4684,6
4685,116
4685,180
4685,69
4686,134
4686,29
4687,107
4687,15
4688,107
4688,15
4689,69
4690,6
4690,71
4690,21
4691,15
4691,880
4692,65
4698,6
4699,13
4700,19
4701,29
4701,65
4703,6
4704,26
4705,65
4705,134
4706,1
4707,149
4708,34
4709,4
4709,237
4711,6
4712,43
4713,6
4713,34
4714,44
4714,15
4718,1
4720,46
4720,71
4721,5
4721,6
4723,122
4724,24
4725,149
4725,4
4726,26
4726,6
4727,66
4727,370
4728,42
4732,19
4733,6
4733,46
4733,475
4735,34
4737,6
4739,122
4740,65
4741,237
4742,4
4743,208
4743,5
4744,6
4744,15
4745,15
4745,6
4746,6
4746,15
4747,53
4748,149
4749,29
4749,149
4750,180
4754,3
4755,208
4755,16
4756,6
4756,71
4757,134
4757,6
4758,5
4761,237
4762,6
4763,42
4764,44
4764,39
4768,19
4769,1839
4770,1
4773,34
4773,16
4774,621
4775,2
4775,29
4775,237
4776,621
4777,21
4777,44
4777,6
4778,122
4779,69
4780,107
4781,42
4783,6
4783,34
4784,237
4786,71
4788,1
4789,180
4792,6
4792,21
4794,208
4794,43
4795,71
4801,69
4802,185
4802,4
4803,50
4805,30
4808,26
4808,4
4809,26
4810,149
4810,4
4811,149
4812,66
4812,4
4813,180
4814,6
4814,21
4815,180
4817,21
4817,6
4818,6
4818,208
4819,104
4820,237
4823,240
4824,1839
4825,4
4826,149
4828,21
4828,6
4829,6
4831,19
4838,66
4839,26
4839,240
4840,24
4840,39
4840,44
4841,24
4841,39
4841,44
4842,24
4842,39
4842,44
4850,16
4851,42
4852,208
4852,621
4853,5
4853,208
4854,208
4854,185
4855,34
4856,21
4856,43
4856,6
4857,107
4858,1839
4859,107
4860,104
4860,29
4861,5
4861,39
4863,53
4865,69
4866,71
4866,6
4867,4
4867,6
4868,4
4868,6
4869,370
4871,97
4871,475
4872,69
4873,65
4873,39
4874,66
4874,4
4875,1839
4877,13
4878,13
4879,34
4879,4
4879,208
4881,149
4882,44
4883,46
4884,44
4885,4
4886,15
4887,5
4888,104
4889,16
4890,6
4890,21
4891,225
4892,6
4893,240
4893,6
4894,134
4894,65
4895,43
4895,39
4896,4
4896,26
4897,149
4899,20
4901,149
4902,4
4903,6
4904,6
4906,26
4906,19
4906,240
4910,149
4911,212
4911,237
4912,26
4912,240
4914,34
4915,93
4916,71
4917,1839
4917,3
4919,69
4921,149
4924,4
4926,225
4927,39
4929,134
4929,13
4929,29
4930,107
4931,69
4932,1295
4934,15
4934,6
4935,6
4935,15
4936,6
4937,93
4937,180
4939,4
4941,104
4942,104
4943,42
4947,208
4947,5
4948,5
4950,5
4951,4
4952,4
4953,69
4954,19
4955,65
4956,4
4956,237
4957,237
4957,4
4958,46
4958,43
4959,475
4959,107
4960,15
4961,97
4962,237
4963,4
4964,37
4965,20
4965,6
4966,4
4967,107
4967,246
4968,107
4968,6
4969,21
4975,93
4976,16
4978,53
4979,134
4979,15
4980,21
4980,6
4981,65
4990,4
4991,21
4991,6
4993,66
4993,370
4994,44
4994,15
4994,39
4995,44
4995,15
4995,39
4996,15
4996,39
4996,44
4997,15
4997,39
4997,44
5000,6
5000,34
5001,69
5002,21
5002,15
5003,6
5003,21
5003,43
5006,15
5006,134
5008,159
5009,15
5010,6
5011,621
5012,71
5012,237
5013,212
5013,4
5014,370
5014,19
5017,50
5017,237
5018,4
5022,4
5024,208
5024,5
5025,21
5026,509
5026,5
5027,34
5027,6
5028,6
5028,34
5029,6
5029,34
5030,6
5030,21
5031,6
5031,21
5032,6
5032,21
5033,6
5033,21
5034,42
5035,5
5035,42
5036,5
5036,14
5036,50
5037,5
5038,237
5038,4
5043,134
5044,69
5045,4
5047,185
5049,71
5050,21
5051,21
5052,21
5053,5
5054,46
5054,6
5055,69
5056,5
5056,14
5057,116
5057,13
5058,24
5058,149
5058,6
5059,20
5059,237
5059,4
5062,21
5063,14
5063,501
5064,21
5064,6
5065,53
5066,65
5066,2
5067,6
5067,97
5067,21
5068,53
5069,14
5069,34
5070,6
5070,97
5070,21
5071,6
5071,97
5071,21
5072,66
5072,6
5073,180
5074,65
5077,101
5078,42
5078,6
5079,180
5081,107
5081,475
5082,21
5082,26
5082,6
5083,34
5084,34
5085,5
5085,34
5091,30
5091,134
5092,5
5093,66
5094,5
5095,9
5096,5
5097,27
5097,39
5097,240
5097,134
5099,15
5100,4
5100,69
5101,57
5102,6
5102,21
5103,37
5104,57
5104,66
5105,57
5105,208
5106,34
5106,6
5107,6
5108,16
5111,6
5112,237
5113,4
5114,13
5116,21
5116,65
5116,561
5118,21
5119,24
5119,149
5120,14
5120,34
5121,5
5123,6
5123,21
5124,37
5124,46
5124,6
5125,39
5126,30
5126,134
5127,237
5127,159
5128,5
5128,6
5128,50
5129,53
5129,24
5131,149
5132,107
5132,15
5133,21
5133,65
5134,6
5136,5
5136,16
5137,185
5138,69
5139,21
5139,6
5140,21
5141,15
5143,212
5144,122
5145,9
5145,15
5145,42
5146,26
5146,21
5147,37
5148,71
5148,21
5148,6
5149,1
5150,14
5150,4
5151,6
5152,15
5153,16
5154,21
5154,24
5157,21
5157,6
5158,53
5158,149
5159,21
5159,6
5160,19
5161,21
5162,4
5163,509
5164,30
5166,107
5166,246
5167,34
5168,116
5168,2
5169,19
5170,37
5172,19
5173,3
5173,43
5174,104
5175,43
5176,65
5177,6
5177,1
5178,60
5179,5
5180,509
5181,26
5182,5
5183,6
5183,21
5184,39
5185,6
5185,116
5186,180
5187,6
5187,71
5187,21
5188,6
5189,16
5190,65
5191,43
5191,46
5193,44
5194,20
5195,6
5195,37
5195,46
5196,6
5197,180
5197,93
5198,42
5200,21
5201,4
5202,74
5203,37
5203,42
5204,57
5205,107
5205,475
5206,509
5207,621
5207,16
5208,225
5209,53
5210,4
5211,21
5211,6
5212,43
5213,5
5214,65
5217,6
5217,34
5217,21
5218,9
5219,26
5219,4
5220,21
5220,34
5220,6
5220,14
5221,4
5222,6
5222,46
5223,21
5224,104
5225,104
5226,4
5227,27
5229,16
5230,74
5231,6
5231,21
5233,21
5235,9
5235,16
5236,6
5237,107
5237,6
5238,311
5239,101
5240,5
5241,9
5242,19
5244,43
5244,46
5245,21
5245,6
5245,97
5246,43
5246,46
5247,4
5247,29
5248,29
5249,42
5249,16
5250,101
5251,4
5253,21
5254,6
5255,6
5255,21
5256,42
5256,16
5257,6
5258,21
5258,6
5259,237
5260,6
5261,21
5261,6
5262,44
5263,39
5264,237
5265,21
5265,65
5266,21
5266,6
5267,14
5267,501
5267,30
5268,60
5268,21
5268,65
5269,15
5270,21
5270,6
5272,74
5273,57
5273,208
5274,561
5274,21
5275,34
5275,21
5275,6
5276,21
5277,46
5277,3
5278,26
5278,69
5279,544
5279,13
5280,44
5282,1
5283,20
5284,24
5285,30
5286,5
5287,15
5289,16
5289,9
5290,21
5294,60
5294,65
5295,38
5296,46
5296,43
5297,5
5298,15
5299,2
5299,29
5300,93
5302,9
5303,74
5303,6
5304,561
5304,4
5305,6
5305,21
5306,60
5306,65
5307,65
5309,9
5310,101
5311,50
5311,5
5311,14
5312,5
5313,19
5314,14
5314,16
5315,46
5315,43
5316,16
5317,65
5317,21
5318,3
5318,2
5320,237
5322,65
5322,134
5322,37
5323,50
5324,42
5324,4
5325,4
5327,185
5328,6
5329,42
5330,101
5331,8
5332,76
5333,237
5334,6
5334,21
5338,149
5340,21
5342,134
5342,30
5343,21
5343,6
5344,21
5344,6
5345,50
5346,6
5346,561
5346,24
5348,44
5349,36
5350,15
5350,107
5352,57
5353,38
5353,5
5355,19
5358,15
5359,14
5359,34
5359,5
5361,39
5362,101
5362,21
5364,21
5365,6
5365,71
5365,21
5366,6
5367,116
5368,34
5369,6
5370,4
5371,37
5372,21
5372,6
5373,509
5374,6
5374,97
5375,50
5376,21
5376,6
5377,5
5378,16
5379,107
5380,46
5380,43
5381,5
5381,50
5383,16
5384,101
5385,46
5385,43
5387,149
5387,561
5388,640
5389,4
5389,66
5390,21
5390,6
5391,27
5392,16
5392,14
5393,185
5394,26
5395,6
5395,97
5395,21
5396,65
5397,180
5398,149
5399,6
5400,5
5400,74
5402,19
5403,6
5403,97
5403,21
5404,15
5405,6
5406,4
5407,13
5408,21
5409,19
5410,134
5410,65
5410,240
5411,6
5411,97
5411,21
5412,42
5413,6
5415,44
5416,66
5417,93
5417,26
5418,69
5419,19
5420,65
5421,46
5421,6
5422,6
5423,53
5424,237
5425,16
5426,53
5427,311
5428,3
5429,6
5431,4
5432,24
5433,9
5434,509
5435,36
5435,6
5436,27
5438,4
5438,66
5439,370
5440,93
5441,93
5441,149
5442,1
5443,34
5444,237
5446,4
5447,149
5449,19
5450,66
5450,34
5451,6
5452,104
5453,21
5455,21
5455,6
5456,21
5457,38
5457,37
5459,14
5459,34
5459,6
5462,46
5463,15
5468,9
5469,5
5470,5
5472,60
5473,5
5474,16
5475,21
5475,6
5476,185
5477,34
5478,38
5480,20
5480,6
5481,9
5481,116
5482,39
5482,15
5483,5
5484,19
5484,20
5485,14
5485,66
5486,46
5486,6
5486,21
5487,101
5488,34
5488,24
5489,16
5489,14
5490,76
5491,4
5492,97
5493,185
5494,29
5495,6
5497,24
5498,46
5498,6
5499,4
5499,66
5500,57
5501,65
5502,21
5503,3
5504,149
5505,134
5505,240
5505,14
5505,5
5506,237
5507,44
5508,6
5510,39
5510,44
5512,53
5513,66
5514,5
5514,65
5515,37
5516,76
5518,544
5519,42
5520,212
5521,19
5522,19
5523,6
5524,225
5525,149
5526,6
5528,60
5529,5
5530,19
5532,39
5532,24
5533,44
5534,15
5534,107
5536,50
5538,19
5539,36
5540,14
5541,19
5542,1
5543,14
5544,6
5547,6
5547,65
5548,43
5548,6
5549,4
5550,4
5553,6
5553,71
5553,21
5555,34
5556,39
5557,37
5558,24
5560,9
5560,14
5560,5
5560,34
5561,36
5562,370
5563,134
5564,20
5566,6
5567,19
5568,37
5571,5
5573,24
5575,237
5575,4
5576,21
5577,74
5578,101
5579,4
5579,76
5579,20
5580,509
5581,44
5581,39
5583,6
5584,180
5585,104
